job.id,seconds,task_id,learner_id,iteration
1,9,aztrees3,classif.cv_glmnet,1
2,12,aztrees3,classif.cv_glmnet,2
3,19,aztrees3,classif.cv_glmnet,3
4,24,aztrees3,classif.cv_glmnet,4
5,21,aztrees3,classif.cv_glmnet,5
6,15,aztrees3,classif.cv_glmnet,6
7,26,aztrees3,classif.cv_glmnet,7
8,24,aztrees3,classif.cv_glmnet,8
9,24,aztrees3,classif.cv_glmnet,9
10,17,aztrees3,classif.cv_glmnet,10
11,14,aztrees4,classif.cv_glmnet,1
12,17,aztrees4,classif.cv_glmnet,2
13,20,aztrees4,classif.cv_glmnet,3
14,21,aztrees4,classif.cv_glmnet,4
15,22,aztrees4,classif.cv_glmnet,5
16,12,aztrees4,classif.cv_glmnet,6
17,17,aztrees4,classif.cv_glmnet,7
18,9,aztrees4,classif.cv_glmnet,8
19,17,aztrees4,classif.cv_glmnet,9
20,11,aztrees4,classif.cv_glmnet,10
21,12,CanadaFires_all,classif.cv_glmnet,1
22,14,CanadaFires_all,classif.cv_glmnet,2
23,11,CanadaFires_all,classif.cv_glmnet,3
24,14,CanadaFires_all,classif.cv_glmnet,4
25,11,CanadaFires_all,classif.cv_glmnet,5
26,17,CanadaFires_all,classif.cv_glmnet,6
27,16,CanadaFires_all,classif.cv_glmnet,7
28,13,CanadaFires_all,classif.cv_glmnet,8
29,14,CanadaFires_all,classif.cv_glmnet,9
30,11,CanadaFires_all,classif.cv_glmnet,10
31,6,CanadaFires_downSampled,classif.cv_glmnet,1
32,5,CanadaFires_downSampled,classif.cv_glmnet,2
33,5,CanadaFires_downSampled,classif.cv_glmnet,3
34,4,CanadaFires_downSampled,classif.cv_glmnet,4
35,5,CanadaFires_downSampled,classif.cv_glmnet,5
36,6,CanadaFires_downSampled,classif.cv_glmnet,6
37,5,CanadaFires_downSampled,classif.cv_glmnet,7
38,6,CanadaFires_downSampled,classif.cv_glmnet,8
39,6,CanadaFires_downSampled,classif.cv_glmnet,9
40,6,CanadaFires_downSampled,classif.cv_glmnet,10
41,16372,CIFAR10,classif.cv_glmnet,1
42,16816,CIFAR10,classif.cv_glmnet,2
43,16031,CIFAR10,classif.cv_glmnet,3
44,17160,CIFAR10,classif.cv_glmnet,4
45,18258,CIFAR10,classif.cv_glmnet,5
46,18893,CIFAR10,classif.cv_glmnet,6
47,25435,CIFAR10,classif.cv_glmnet,7
48,21697,CIFAR10,classif.cv_glmnet,8
49,23994,CIFAR10,classif.cv_glmnet,9
50,24226,CIFAR10,classif.cv_glmnet,10
51,13469,EMNIST,classif.cv_glmnet,1
52,19254,EMNIST,classif.cv_glmnet,2
53,20227,EMNIST,classif.cv_glmnet,3
54,11522,EMNIST,classif.cv_glmnet,4
55,8786,EMNIST,classif.cv_glmnet,5
56,6323,EMNIST,classif.cv_glmnet,6
57,7468,EMNIST,classif.cv_glmnet,7
58,10057,EMNIST,classif.cv_glmnet,8
59,30440,EMNIST,classif.cv_glmnet,9
60,11426,EMNIST,classif.cv_glmnet,10
61,37307,FashionMNIST,classif.cv_glmnet,1
62,25533,FashionMNIST,classif.cv_glmnet,2
63,21548,FashionMNIST,classif.cv_glmnet,3
64,8951,FashionMNIST,classif.cv_glmnet,4
65,15958,FashionMNIST,classif.cv_glmnet,5
66,13792,FashionMNIST,classif.cv_glmnet,6
67,23289,FashionMNIST,classif.cv_glmnet,7
68,16018,FashionMNIST,classif.cv_glmnet,8
69,26524,FashionMNIST,classif.cv_glmnet,9
70,22970,FashionMNIST,classif.cv_glmnet,10
71,1910,FishSonar_river,classif.cv_glmnet,1
72,1118,FishSonar_river,classif.cv_glmnet,2
73,1078,FishSonar_river,classif.cv_glmnet,3
74,2154,FishSonar_river,classif.cv_glmnet,4
75,1731,FishSonar_river,classif.cv_glmnet,5
76,1982,FishSonar_river,classif.cv_glmnet,6
77,2246,FishSonar_river,classif.cv_glmnet,7
78,1707,FishSonar_river,classif.cv_glmnet,8
79,2119,FishSonar_river,classif.cv_glmnet,9
80,2107,FishSonar_river,classif.cv_glmnet,10
81,8879,KMNIST,classif.cv_glmnet,1
82,6503,KMNIST,classif.cv_glmnet,2
83,6674,KMNIST,classif.cv_glmnet,3
84,6185,KMNIST,classif.cv_glmnet,4
85,5832,KMNIST,classif.cv_glmnet,5
86,6884,KMNIST,classif.cv_glmnet,6
87,7748,KMNIST,classif.cv_glmnet,7
88,6601,KMNIST,classif.cv_glmnet,8
89,9054,KMNIST,classif.cv_glmnet,9
90,9291,KMNIST,classif.cv_glmnet,10
91,48507,MNIST,classif.cv_glmnet,1
92,30466,MNIST,classif.cv_glmnet,2
93,19057,MNIST,classif.cv_glmnet,3
94,41613,MNIST,classif.cv_glmnet,4
95,25342,MNIST,classif.cv_glmnet,5
96,21788,MNIST,classif.cv_glmnet,6
97,23087,MNIST,classif.cv_glmnet,7
98,34888,MNIST,classif.cv_glmnet,8
99,49091,MNIST,classif.cv_glmnet,9
100,69453,MNIST,classif.cv_glmnet,10
101,,MNIST_EMNIST,classif.cv_glmnet,1
102,,MNIST_EMNIST,classif.cv_glmnet,2
103,,MNIST_EMNIST,classif.cv_glmnet,3
104,85368,MNIST_EMNIST,classif.cv_glmnet,4
105,,MNIST_EMNIST,classif.cv_glmnet,5
106,76732,MNIST_EMNIST,classif.cv_glmnet,6
107,66045,MNIST_EMNIST,classif.cv_glmnet,7
108,,MNIST_EMNIST,classif.cv_glmnet,8
109,,MNIST_EMNIST,classif.cv_glmnet,9
110,,MNIST_EMNIST,classif.cv_glmnet,10
111,,MNIST_EMNIST_rot,classif.cv_glmnet,1
112,,MNIST_EMNIST_rot,classif.cv_glmnet,2
113,,MNIST_EMNIST_rot,classif.cv_glmnet,3
114,,MNIST_EMNIST_rot,classif.cv_glmnet,4
115,,MNIST_EMNIST_rot,classif.cv_glmnet,5
116,,MNIST_EMNIST_rot,classif.cv_glmnet,6
117,,MNIST_EMNIST_rot,classif.cv_glmnet,7
118,40201,MNIST_EMNIST_rot,classif.cv_glmnet,8
119,,MNIST_EMNIST_rot,classif.cv_glmnet,9
120,,MNIST_EMNIST_rot,classif.cv_glmnet,10
121,48360,MNIST_FashionMNIST,classif.cv_glmnet,1
122,65493,MNIST_FashionMNIST,classif.cv_glmnet,2
123,86222,MNIST_FashionMNIST,classif.cv_glmnet,3
124,,MNIST_FashionMNIST,classif.cv_glmnet,4
125,,MNIST_FashionMNIST,classif.cv_glmnet,5
126,,MNIST_FashionMNIST,classif.cv_glmnet,6
127,,MNIST_FashionMNIST,classif.cv_glmnet,7
128,,MNIST_FashionMNIST,classif.cv_glmnet,8
129,,MNIST_FashionMNIST,classif.cv_glmnet,9
130,,MNIST_FashionMNIST,classif.cv_glmnet,10
131,353,NSCH_autism,classif.cv_glmnet,1
132,185,NSCH_autism,classif.cv_glmnet,2
133,392,NSCH_autism,classif.cv_glmnet,3
134,346,NSCH_autism,classif.cv_glmnet,4
135,181,NSCH_autism,classif.cv_glmnet,5
136,378,NSCH_autism,classif.cv_glmnet,6
137,182,NSCH_autism,classif.cv_glmnet,7
138,381,NSCH_autism,classif.cv_glmnet,8
139,326,NSCH_autism,classif.cv_glmnet,9
140,331,NSCH_autism,classif.cv_glmnet,10
141,35454,QMNIST,classif.cv_glmnet,1
142,33521,QMNIST,classif.cv_glmnet,2
143,50232,QMNIST,classif.cv_glmnet,3
144,,QMNIST,classif.cv_glmnet,4
145,21701,QMNIST,classif.cv_glmnet,5
146,21946,QMNIST,classif.cv_glmnet,6
147,30937,QMNIST,classif.cv_glmnet,7
148,25052,QMNIST,classif.cv_glmnet,8
149,13023,QMNIST,classif.cv_glmnet,9
150,53910,QMNIST,classif.cv_glmnet,10
151,13,spam,classif.cv_glmnet,1
152,18,spam,classif.cv_glmnet,2
153,12,spam,classif.cv_glmnet,3
154,11,spam,classif.cv_glmnet,4
155,13,spam,classif.cv_glmnet,5
156,12,spam,classif.cv_glmnet,6
157,12,spam,classif.cv_glmnet,7
158,11,spam,classif.cv_glmnet,8
159,12,spam,classif.cv_glmnet,9
160,12,spam,classif.cv_glmnet,10
161,,STL10,classif.cv_glmnet,1
162,,STL10,classif.cv_glmnet,2
163,,STL10,classif.cv_glmnet,3
164,,STL10,classif.cv_glmnet,4
165,,STL10,classif.cv_glmnet,5
166,,STL10,classif.cv_glmnet,6
167,,STL10,classif.cv_glmnet,7
168,,STL10,classif.cv_glmnet,8
169,,STL10,classif.cv_glmnet,9
170,,STL10,classif.cv_glmnet,10
171,5,vowel,classif.cv_glmnet,1
172,5,vowel,classif.cv_glmnet,2
173,5,vowel,classif.cv_glmnet,3
174,5,vowel,classif.cv_glmnet,4
175,8,vowel,classif.cv_glmnet,5
176,8,vowel,classif.cv_glmnet,6
177,5,vowel,classif.cv_glmnet,7
178,5,vowel,classif.cv_glmnet,8
179,6,vowel,classif.cv_glmnet,9
180,5,vowel,classif.cv_glmnet,10
181,1,waveform,classif.cv_glmnet,1
182,2,waveform,classif.cv_glmnet,2
183,1,waveform,classif.cv_glmnet,3
184,3,waveform,classif.cv_glmnet,4
185,1,waveform,classif.cv_glmnet,5
186,2,waveform,classif.cv_glmnet,6
187,1,waveform,classif.cv_glmnet,7
188,1,waveform,classif.cv_glmnet,8
189,1,waveform,classif.cv_glmnet,9
190,1,waveform,classif.cv_glmnet,10
191,473,zipUSPS,classif.cv_glmnet,1
192,873,zipUSPS,classif.cv_glmnet,2
193,867,zipUSPS,classif.cv_glmnet,3
194,879,zipUSPS,classif.cv_glmnet,4
195,386,zipUSPS,classif.cv_glmnet,5
196,425,zipUSPS,classif.cv_glmnet,6
197,561,zipUSPS,classif.cv_glmnet,7
198,433,zipUSPS,classif.cv_glmnet,8
199,378,zipUSPS,classif.cv_glmnet,9
200,378,zipUSPS,classif.cv_glmnet,10
1,0,aztrees3,classif.featureless,1
2,0,aztrees3,classif.featureless,2
3,0,aztrees3,classif.featureless,3
4,0,aztrees3,classif.featureless,4
5,0,aztrees3,classif.featureless,5
6,0,aztrees3,classif.featureless,6
7,0,aztrees3,classif.featureless,7
8,0,aztrees3,classif.featureless,8
9,0,aztrees3,classif.featureless,9
10,0,aztrees3,classif.featureless,10
11,0,aztrees4,classif.featureless,1
12,0,aztrees4,classif.featureless,2
13,0,aztrees4,classif.featureless,3
14,0,aztrees4,classif.featureless,4
15,0,aztrees4,classif.featureless,5
16,0,aztrees4,classif.featureless,6
17,0,aztrees4,classif.featureless,7
18,0,aztrees4,classif.featureless,8
19,0,aztrees4,classif.featureless,9
20,0,aztrees4,classif.featureless,10
21,0,CanadaFires_all,classif.featureless,1
22,0,CanadaFires_all,classif.featureless,2
23,0,CanadaFires_all,classif.featureless,3
24,0,CanadaFires_all,classif.featureless,4
25,0,CanadaFires_all,classif.featureless,5
26,0,CanadaFires_all,classif.featureless,6
27,0,CanadaFires_all,classif.featureless,7
28,0,CanadaFires_all,classif.featureless,8
29,0,CanadaFires_all,classif.featureless,9
30,0,CanadaFires_all,classif.featureless,10
31,0,CanadaFires_downSampled,classif.featureless,1
32,0,CanadaFires_downSampled,classif.featureless,2
33,0,CanadaFires_downSampled,classif.featureless,3
34,0,CanadaFires_downSampled,classif.featureless,4
35,0,CanadaFires_downSampled,classif.featureless,5
36,0,CanadaFires_downSampled,classif.featureless,6
37,0,CanadaFires_downSampled,classif.featureless,7
38,0,CanadaFires_downSampled,classif.featureless,8
39,0,CanadaFires_downSampled,classif.featureless,9
40,0,CanadaFires_downSampled,classif.featureless,10
41,,CIFAR10,classif.featureless,1
42,,CIFAR10,classif.featureless,2
43,,CIFAR10,classif.featureless,3
44,,CIFAR10,classif.featureless,4
45,,CIFAR10,classif.featureless,5
46,,CIFAR10,classif.featureless,6
47,,CIFAR10,classif.featureless,7
48,,CIFAR10,classif.featureless,8
49,,CIFAR10,classif.featureless,9
50,,CIFAR10,classif.featureless,10
51,8,EMNIST,classif.featureless,1
52,7,EMNIST,classif.featureless,2
53,9,EMNIST,classif.featureless,3
54,7,EMNIST,classif.featureless,4
55,5,EMNIST,classif.featureless,5
56,5,EMNIST,classif.featureless,6
57,5,EMNIST,classif.featureless,7
58,5,EMNIST,classif.featureless,8
59,9,EMNIST,classif.featureless,9
60,8,EMNIST,classif.featureless,10
61,12,FashionMNIST,classif.featureless,1
62,4,FashionMNIST,classif.featureless,2
63,4,FashionMNIST,classif.featureless,3
64,4,FashionMNIST,classif.featureless,4
65,4,FashionMNIST,classif.featureless,5
66,5,FashionMNIST,classif.featureless,6
67,5,FashionMNIST,classif.featureless,7
68,10,FashionMNIST,classif.featureless,8
69,16,FashionMNIST,classif.featureless,9
70,10,FashionMNIST,classif.featureless,10
71,,FishSonar_river,classif.featureless,1
72,,FishSonar_river,classif.featureless,2
73,,FishSonar_river,classif.featureless,3
74,,FishSonar_river,classif.featureless,4
75,,FishSonar_river,classif.featureless,5
76,,FishSonar_river,classif.featureless,6
77,,FishSonar_river,classif.featureless,7
78,,FishSonar_river,classif.featureless,8
79,,FishSonar_river,classif.featureless,9
80,,FishSonar_river,classif.featureless,10
81,6,KMNIST,classif.featureless,1
82,6,KMNIST,classif.featureless,2
83,5,KMNIST,classif.featureless,3
84,5,KMNIST,classif.featureless,4
85,8,KMNIST,classif.featureless,5
86,11,KMNIST,classif.featureless,6
87,8,KMNIST,classif.featureless,7
88,5,KMNIST,classif.featureless,8
89,5,KMNIST,classif.featureless,9
90,5,KMNIST,classif.featureless,10
91,6,MNIST,classif.featureless,1
92,7,MNIST,classif.featureless,2
93,7,MNIST,classif.featureless,3
94,4,MNIST,classif.featureless,4
95,4,MNIST,classif.featureless,5
96,4,MNIST,classif.featureless,6
97,4,MNIST,classif.featureless,7
98,4,MNIST,classif.featureless,8
99,5,MNIST,classif.featureless,9
100,5,MNIST,classif.featureless,10
101,7,MNIST_EMNIST,classif.featureless,1
102,7,MNIST_EMNIST,classif.featureless,2
103,7,MNIST_EMNIST,classif.featureless,3
104,7,MNIST_EMNIST,classif.featureless,4
105,9,MNIST_EMNIST,classif.featureless,5
106,9,MNIST_EMNIST,classif.featureless,6
107,9,MNIST_EMNIST,classif.featureless,7
108,9,MNIST_EMNIST,classif.featureless,8
109,9,MNIST_EMNIST,classif.featureless,9
110,9,MNIST_EMNIST,classif.featureless,10
111,9,MNIST_EMNIST_rot,classif.featureless,1
112,9,MNIST_EMNIST_rot,classif.featureless,2
113,9,MNIST_EMNIST_rot,classif.featureless,3
114,11,MNIST_EMNIST_rot,classif.featureless,4
115,10,MNIST_EMNIST_rot,classif.featureless,5
116,10,MNIST_EMNIST_rot,classif.featureless,6
117,7,MNIST_EMNIST_rot,classif.featureless,7
118,6,MNIST_EMNIST_rot,classif.featureless,8
119,7,MNIST_EMNIST_rot,classif.featureless,9
120,7,MNIST_EMNIST_rot,classif.featureless,10
121,7,MNIST_FashionMNIST,classif.featureless,1
122,7,MNIST_FashionMNIST,classif.featureless,2
123,7,MNIST_FashionMNIST,classif.featureless,3
124,7,MNIST_FashionMNIST,classif.featureless,4
125,7,MNIST_FashionMNIST,classif.featureless,5
126,7,MNIST_FashionMNIST,classif.featureless,6
127,9,MNIST_FashionMNIST,classif.featureless,7
128,9,MNIST_FashionMNIST,classif.featureless,8
129,9,MNIST_FashionMNIST,classif.featureless,9
130,9,MNIST_FashionMNIST,classif.featureless,10
131,1,NSCH_autism,classif.featureless,1
132,2,NSCH_autism,classif.featureless,2
133,1,NSCH_autism,classif.featureless,3
134,1,NSCH_autism,classif.featureless,4
135,0,NSCH_autism,classif.featureless,5
136,0,NSCH_autism,classif.featureless,6
137,0,NSCH_autism,classif.featureless,7
138,0,NSCH_autism,classif.featureless,8
139,0,NSCH_autism,classif.featureless,9
140,0,NSCH_autism,classif.featureless,10
141,9,QMNIST,classif.featureless,1
142,9,QMNIST,classif.featureless,2
143,9,QMNIST,classif.featureless,3
144,9,QMNIST,classif.featureless,4
145,9,QMNIST,classif.featureless,5
146,10,QMNIST,classif.featureless,6
147,12,QMNIST,classif.featureless,7
148,12,QMNIST,classif.featureless,8
149,11,QMNIST,classif.featureless,9
150,11,QMNIST,classif.featureless,10
151,0,spam,classif.featureless,1
152,0,spam,classif.featureless,2
153,1,spam,classif.featureless,3
154,0,spam,classif.featureless,4
155,0,spam,classif.featureless,5
156,0,spam,classif.featureless,6
157,0,spam,classif.featureless,7
158,0,spam,classif.featureless,8
159,0,spam,classif.featureless,9
160,0,spam,classif.featureless,10
161,,STL10,classif.featureless,1
162,,STL10,classif.featureless,2
163,,STL10,classif.featureless,3
164,,STL10,classif.featureless,4
165,,STL10,classif.featureless,5
166,,STL10,classif.featureless,6
167,,STL10,classif.featureless,7
168,,STL10,classif.featureless,8
169,,STL10,classif.featureless,9
170,,STL10,classif.featureless,10
171,0,vowel,classif.featureless,1
172,0,vowel,classif.featureless,2
173,0,vowel,classif.featureless,3
174,0,vowel,classif.featureless,4
175,0,vowel,classif.featureless,5
176,0,vowel,classif.featureless,6
177,0,vowel,classif.featureless,7
178,0,vowel,classif.featureless,8
179,0,vowel,classif.featureless,9
180,0,vowel,classif.featureless,10
181,0,waveform,classif.featureless,1
182,0,waveform,classif.featureless,2
183,0,waveform,classif.featureless,3
184,0,waveform,classif.featureless,4
185,0,waveform,classif.featureless,5
186,0,waveform,classif.featureless,6
187,0,waveform,classif.featureless,7
188,0,waveform,classif.featureless,8
189,0,waveform,classif.featureless,9
190,0,waveform,classif.featureless,10
191,0,zipUSPS,classif.featureless,1
192,0,zipUSPS,classif.featureless,2
193,0,zipUSPS,classif.featureless,3
194,0,zipUSPS,classif.featureless,4
195,0,zipUSPS,classif.featureless,5
196,1,zipUSPS,classif.featureless,6
197,1,zipUSPS,classif.featureless,7
198,0,zipUSPS,classif.featureless,8
199,0,zipUSPS,classif.featureless,9
200,0,zipUSPS,classif.featureless,10
1,11,aztrees3,classif.nearest_neighbors,1
2,11,aztrees3,classif.nearest_neighbors,2
3,14,aztrees3,classif.nearest_neighbors,3
4,13,aztrees3,classif.nearest_neighbors,4
5,13,aztrees3,classif.nearest_neighbors,5
6,13,aztrees3,classif.nearest_neighbors,6
7,13,aztrees3,classif.nearest_neighbors,7
8,14,aztrees3,classif.nearest_neighbors,8
9,13,aztrees3,classif.nearest_neighbors,9
10,14,aztrees3,classif.nearest_neighbors,10
11,14,aztrees4,classif.nearest_neighbors,1
12,13,aztrees4,classif.nearest_neighbors,2
13,15,aztrees4,classif.nearest_neighbors,3
14,15,aztrees4,classif.nearest_neighbors,4
15,11,aztrees4,classif.nearest_neighbors,5
16,11,aztrees4,classif.nearest_neighbors,6
17,11,aztrees4,classif.nearest_neighbors,7
18,11,aztrees4,classif.nearest_neighbors,8
19,14,aztrees4,classif.nearest_neighbors,9
20,21,aztrees4,classif.nearest_neighbors,10
21,15,CanadaFires_all,classif.nearest_neighbors,1
22,15,CanadaFires_all,classif.nearest_neighbors,2
23,15,CanadaFires_all,classif.nearest_neighbors,3
24,15,CanadaFires_all,classif.nearest_neighbors,4
25,15,CanadaFires_all,classif.nearest_neighbors,5
26,14,CanadaFires_all,classif.nearest_neighbors,6
27,13,CanadaFires_all,classif.nearest_neighbors,7
28,24,CanadaFires_all,classif.nearest_neighbors,8
29,24,CanadaFires_all,classif.nearest_neighbors,9
30,16,CanadaFires_all,classif.nearest_neighbors,10
31,6,CanadaFires_downSampled,classif.nearest_neighbors,1
32,6,CanadaFires_downSampled,classif.nearest_neighbors,2
33,6,CanadaFires_downSampled,classif.nearest_neighbors,3
34,7,CanadaFires_downSampled,classif.nearest_neighbors,4
35,6,CanadaFires_downSampled,classif.nearest_neighbors,5
36,6,CanadaFires_downSampled,classif.nearest_neighbors,6
37,6,CanadaFires_downSampled,classif.nearest_neighbors,7
38,14,CanadaFires_downSampled,classif.nearest_neighbors,8
39,14,CanadaFires_downSampled,classif.nearest_neighbors,9
40,6,CanadaFires_downSampled,classif.nearest_neighbors,10
41,194824,CIFAR10,classif.nearest_neighbors,1
42,226371,CIFAR10,classif.nearest_neighbors,2
43,179040,CIFAR10,classif.nearest_neighbors,3
44,203567,CIFAR10,classif.nearest_neighbors,4
45,197729,CIFAR10,classif.nearest_neighbors,5
46,147514,CIFAR10,classif.nearest_neighbors,6
47,259497,CIFAR10,classif.nearest_neighbors,7
48,210594,CIFAR10,classif.nearest_neighbors,8
49,277006,CIFAR10,classif.nearest_neighbors,9
50,278772,CIFAR10,classif.nearest_neighbors,10
51,45064,EMNIST,classif.nearest_neighbors,1
52,44862,EMNIST,classif.nearest_neighbors,2
53,38635,EMNIST,classif.nearest_neighbors,3
54,38574,EMNIST,classif.nearest_neighbors,4
55,39425,EMNIST,classif.nearest_neighbors,5
56,37755,EMNIST,classif.nearest_neighbors,6
57,38497,EMNIST,classif.nearest_neighbors,7
58,37910,EMNIST,classif.nearest_neighbors,8
59,40027,EMNIST,classif.nearest_neighbors,9
60,38645,EMNIST,classif.nearest_neighbors,10
61,39378,FashionMNIST,classif.nearest_neighbors,1
62,38013,FashionMNIST,classif.nearest_neighbors,2
63,42713,FashionMNIST,classif.nearest_neighbors,3
64,37760,FashionMNIST,classif.nearest_neighbors,4
65,30669,FashionMNIST,classif.nearest_neighbors,5
66,31968,FashionMNIST,classif.nearest_neighbors,6
67,40066,FashionMNIST,classif.nearest_neighbors,7
68,38386,FashionMNIST,classif.nearest_neighbors,8
69,40142,FashionMNIST,classif.nearest_neighbors,9
70,31382,FashionMNIST,classif.nearest_neighbors,10
71,,FishSonar_river,classif.nearest_neighbors,1
72,,FishSonar_river,classif.nearest_neighbors,2
73,,FishSonar_river,classif.nearest_neighbors,3
74,,FishSonar_river,classif.nearest_neighbors,4
75,,FishSonar_river,classif.nearest_neighbors,5
76,,FishSonar_river,classif.nearest_neighbors,6
77,,FishSonar_river,classif.nearest_neighbors,7
78,,FishSonar_river,classif.nearest_neighbors,8
79,,FishSonar_river,classif.nearest_neighbors,9
80,,FishSonar_river,classif.nearest_neighbors,10
81,58360,KMNIST,classif.nearest_neighbors,1
82,56508,KMNIST,classif.nearest_neighbors,2
83,52489,KMNIST,classif.nearest_neighbors,3
84,63954,KMNIST,classif.nearest_neighbors,4
85,46275,KMNIST,classif.nearest_neighbors,5
86,64367,KMNIST,classif.nearest_neighbors,6
87,54615,KMNIST,classif.nearest_neighbors,7
88,52378,KMNIST,classif.nearest_neighbors,8
89,52603,KMNIST,classif.nearest_neighbors,9
90,54764,KMNIST,classif.nearest_neighbors,10
91,56251,MNIST,classif.nearest_neighbors,1
92,52438,MNIST,classif.nearest_neighbors,2
93,57517,MNIST,classif.nearest_neighbors,3
94,52766,MNIST,classif.nearest_neighbors,4
95,55986,MNIST,classif.nearest_neighbors,5
96,58293,MNIST,classif.nearest_neighbors,6
97,58127,MNIST,classif.nearest_neighbors,7
98,58879,MNIST,classif.nearest_neighbors,8
99,60339,MNIST,classif.nearest_neighbors,9
100,55602,MNIST,classif.nearest_neighbors,10
101,217831,MNIST_EMNIST,classif.nearest_neighbors,1
102,230591,MNIST_EMNIST,classif.nearest_neighbors,2
103,241423,MNIST_EMNIST,classif.nearest_neighbors,3
104,232713,MNIST_EMNIST,classif.nearest_neighbors,4
105,230145,MNIST_EMNIST,classif.nearest_neighbors,5
106,228740,MNIST_EMNIST,classif.nearest_neighbors,6
107,209743,MNIST_EMNIST,classif.nearest_neighbors,7
108,225765,MNIST_EMNIST,classif.nearest_neighbors,8
109,238100,MNIST_EMNIST,classif.nearest_neighbors,9
110,248257,MNIST_EMNIST,classif.nearest_neighbors,10
111,220994,MNIST_EMNIST_rot,classif.nearest_neighbors,1
112,234776,MNIST_EMNIST_rot,classif.nearest_neighbors,2
113,228086,MNIST_EMNIST_rot,classif.nearest_neighbors,3
114,219291,MNIST_EMNIST_rot,classif.nearest_neighbors,4
115,229337,MNIST_EMNIST_rot,classif.nearest_neighbors,5
116,236457,MNIST_EMNIST_rot,classif.nearest_neighbors,6
117,217903,MNIST_EMNIST_rot,classif.nearest_neighbors,7
118,224673,MNIST_EMNIST_rot,classif.nearest_neighbors,8
119,240167,MNIST_EMNIST_rot,classif.nearest_neighbors,9
120,237609,MNIST_EMNIST_rot,classif.nearest_neighbors,10
121,205280,MNIST_FashionMNIST,classif.nearest_neighbors,1
122,214916,MNIST_FashionMNIST,classif.nearest_neighbors,2
123,218645,MNIST_FashionMNIST,classif.nearest_neighbors,3
124,162152,MNIST_FashionMNIST,classif.nearest_neighbors,4
125,177576,MNIST_FashionMNIST,classif.nearest_neighbors,5
126,171043,MNIST_FashionMNIST,classif.nearest_neighbors,6
127,168639,MNIST_FashionMNIST,classif.nearest_neighbors,7
128,176299,MNIST_FashionMNIST,classif.nearest_neighbors,8
129,186417,MNIST_FashionMNIST,classif.nearest_neighbors,9
130,221992,MNIST_FashionMNIST,classif.nearest_neighbors,10
131,16840,NSCH_autism,classif.nearest_neighbors,1
132,12747,NSCH_autism,classif.nearest_neighbors,2
133,16254,NSCH_autism,classif.nearest_neighbors,3
134,16267,NSCH_autism,classif.nearest_neighbors,4
135,16476,NSCH_autism,classif.nearest_neighbors,5
136,16528,NSCH_autism,classif.nearest_neighbors,6
137,16757,NSCH_autism,classif.nearest_neighbors,7
138,17422,NSCH_autism,classif.nearest_neighbors,8
139,17093,NSCH_autism,classif.nearest_neighbors,9
140,16774,NSCH_autism,classif.nearest_neighbors,10
141,135376,QMNIST,classif.nearest_neighbors,1
142,159104,QMNIST,classif.nearest_neighbors,2
143,158387,QMNIST,classif.nearest_neighbors,3
144,143303,QMNIST,classif.nearest_neighbors,4
145,124269,QMNIST,classif.nearest_neighbors,5
146,119727,QMNIST,classif.nearest_neighbors,6
147,141963,QMNIST,classif.nearest_neighbors,7
148,165773,QMNIST,classif.nearest_neighbors,8
149,126386,QMNIST,classif.nearest_neighbors,9
150,154167,QMNIST,classif.nearest_neighbors,10
151,21,spam,classif.nearest_neighbors,1
152,20,spam,classif.nearest_neighbors,2
153,20,spam,classif.nearest_neighbors,3
154,20,spam,classif.nearest_neighbors,4
155,20,spam,classif.nearest_neighbors,5
156,20,spam,classif.nearest_neighbors,6
157,15,spam,classif.nearest_neighbors,7
158,20,spam,classif.nearest_neighbors,8
159,15,spam,classif.nearest_neighbors,9
160,20,spam,classif.nearest_neighbors,10
161,,STL10,classif.nearest_neighbors,1
162,,STL10,classif.nearest_neighbors,2
163,,STL10,classif.nearest_neighbors,3
164,,STL10,classif.nearest_neighbors,4
165,,STL10,classif.nearest_neighbors,5
166,,STL10,classif.nearest_neighbors,6
167,,STL10,classif.nearest_neighbors,7
168,,STL10,classif.nearest_neighbors,8
169,,STL10,classif.nearest_neighbors,9
170,,STL10,classif.nearest_neighbors,10
171,5,vowel,classif.nearest_neighbors,1
172,5,vowel,classif.nearest_neighbors,2
173,5,vowel,classif.nearest_neighbors,3
174,5,vowel,classif.nearest_neighbors,4
175,4,vowel,classif.nearest_neighbors,5
176,5,vowel,classif.nearest_neighbors,6
177,4,vowel,classif.nearest_neighbors,7
178,5,vowel,classif.nearest_neighbors,8
179,5,vowel,classif.nearest_neighbors,9
180,4,vowel,classif.nearest_neighbors,10
181,5,waveform,classif.nearest_neighbors,1
182,5,waveform,classif.nearest_neighbors,2
183,4,waveform,classif.nearest_neighbors,3
184,5,waveform,classif.nearest_neighbors,4
185,5,waveform,classif.nearest_neighbors,5
186,4,waveform,classif.nearest_neighbors,6
187,5,waveform,classif.nearest_neighbors,7
188,5,waveform,classif.nearest_neighbors,8
189,4,waveform,classif.nearest_neighbors,9
190,5,waveform,classif.nearest_neighbors,10
191,189,zipUSPS,classif.nearest_neighbors,1
192,124,zipUSPS,classif.nearest_neighbors,2
193,124,zipUSPS,classif.nearest_neighbors,3
194,124,zipUSPS,classif.nearest_neighbors,4
195,177,zipUSPS,classif.nearest_neighbors,5
196,193,zipUSPS,classif.nearest_neighbors,6
197,128,zipUSPS,classif.nearest_neighbors,7
198,181,zipUSPS,classif.nearest_neighbors,8
199,189,zipUSPS,classif.nearest_neighbors,9
200,187,zipUSPS,classif.nearest_neighbors,10
1,0,aztrees3,classif.rpart,1
2,0,aztrees3,classif.rpart,2
3,0,aztrees3,classif.rpart,3
4,0,aztrees3,classif.rpart,4
5,0,aztrees3,classif.rpart,5
6,0,aztrees3,classif.rpart,6
7,0,aztrees3,classif.rpart,7
8,0,aztrees3,classif.rpart,8
9,0,aztrees3,classif.rpart,9
10,0,aztrees3,classif.rpart,10
11,0,aztrees4,classif.rpart,1
12,0,aztrees4,classif.rpart,2
13,0,aztrees4,classif.rpart,3
14,0,aztrees4,classif.rpart,4
15,0,aztrees4,classif.rpart,5
16,0,aztrees4,classif.rpart,6
17,0,aztrees4,classif.rpart,7
18,0,aztrees4,classif.rpart,8
19,0,aztrees4,classif.rpart,9
20,0,aztrees4,classif.rpart,10
21,0,CanadaFires_all,classif.rpart,1
22,0,CanadaFires_all,classif.rpart,2
23,0,CanadaFires_all,classif.rpart,3
24,0,CanadaFires_all,classif.rpart,4
25,0,CanadaFires_all,classif.rpart,5
26,0,CanadaFires_all,classif.rpart,6
27,0,CanadaFires_all,classif.rpart,7
28,0,CanadaFires_all,classif.rpart,8
29,0,CanadaFires_all,classif.rpart,9
30,0,CanadaFires_all,classif.rpart,10
31,0,CanadaFires_downSampled,classif.rpart,1
32,0,CanadaFires_downSampled,classif.rpart,2
33,0,CanadaFires_downSampled,classif.rpart,3
34,0,CanadaFires_downSampled,classif.rpart,4
35,0,CanadaFires_downSampled,classif.rpart,5
36,0,CanadaFires_downSampled,classif.rpart,6
37,0,CanadaFires_downSampled,classif.rpart,7
38,0,CanadaFires_downSampled,classif.rpart,8
39,0,CanadaFires_downSampled,classif.rpart,9
40,0,CanadaFires_downSampled,classif.rpart,10
41,85,CIFAR10,classif.rpart,1
42,82,CIFAR10,classif.rpart,2
43,76,CIFAR10,classif.rpart,3
44,77,CIFAR10,classif.rpart,4
45,80,CIFAR10,classif.rpart,5
46,96,CIFAR10,classif.rpart,6
47,78,CIFAR10,classif.rpart,7
48,76,CIFAR10,classif.rpart,8
49,75,CIFAR10,classif.rpart,9
50,79,CIFAR10,classif.rpart,10
51,17,EMNIST,classif.rpart,1
52,21,EMNIST,classif.rpart,2
53,22,EMNIST,classif.rpart,3
54,16,EMNIST,classif.rpart,4
55,17,EMNIST,classif.rpart,5
56,16,EMNIST,classif.rpart,6
57,16,EMNIST,classif.rpart,7
58,20,EMNIST,classif.rpart,8
59,16,EMNIST,classif.rpart,9
60,16,EMNIST,classif.rpart,10
61,23,FashionMNIST,classif.rpart,1
62,23,FashionMNIST,classif.rpart,2
63,18,FashionMNIST,classif.rpart,3
64,18,FashionMNIST,classif.rpart,4
65,18,FashionMNIST,classif.rpart,5
66,18,FashionMNIST,classif.rpart,6
67,18,FashionMNIST,classif.rpart,7
68,18,FashionMNIST,classif.rpart,8
69,18,FashionMNIST,classif.rpart,9
70,25,FashionMNIST,classif.rpart,10
71,245,FishSonar_river,classif.rpart,1
72,242,FishSonar_river,classif.rpart,2
73,252,FishSonar_river,classif.rpart,3
74,243,FishSonar_river,classif.rpart,4
75,240,FishSonar_river,classif.rpart,5
76,244,FishSonar_river,classif.rpart,6
77,252,FishSonar_river,classif.rpart,7
78,141,FishSonar_river,classif.rpart,8
79,203,FishSonar_river,classif.rpart,9
80,138,FishSonar_river,classif.rpart,10
81,27,KMNIST,classif.rpart,1
82,26,KMNIST,classif.rpart,2
83,18,KMNIST,classif.rpart,3
84,22,KMNIST,classif.rpart,4
85,17,KMNIST,classif.rpart,5
86,18,KMNIST,classif.rpart,6
87,18,KMNIST,classif.rpart,7
88,19,KMNIST,classif.rpart,8
89,19,KMNIST,classif.rpart,9
90,19,KMNIST,classif.rpart,10
91,14,MNIST,classif.rpart,1
92,15,MNIST,classif.rpart,2
93,16,MNIST,classif.rpart,3
94,17,MNIST,classif.rpart,4
95,16,MNIST,classif.rpart,5
96,16,MNIST,classif.rpart,6
97,16,MNIST,classif.rpart,7
98,14,MNIST,classif.rpart,8
99,14,MNIST,classif.rpart,9
100,16,MNIST,classif.rpart,10
101,35,MNIST_EMNIST,classif.rpart,1
102,43,MNIST_EMNIST,classif.rpart,2
103,42,MNIST_EMNIST,classif.rpart,3
104,43,MNIST_EMNIST,classif.rpart,4
105,43,MNIST_EMNIST,classif.rpart,5
106,43,MNIST_EMNIST,classif.rpart,6
107,42,MNIST_EMNIST,classif.rpart,7
108,41,MNIST_EMNIST,classif.rpart,8
109,30,MNIST_EMNIST,classif.rpart,9
110,30,MNIST_EMNIST,classif.rpart,10
111,32,MNIST_EMNIST_rot,classif.rpart,1
112,32,MNIST_EMNIST_rot,classif.rpart,2
113,32,MNIST_EMNIST_rot,classif.rpart,3
114,32,MNIST_EMNIST_rot,classif.rpart,4
115,27,MNIST_EMNIST_rot,classif.rpart,5
116,29,MNIST_EMNIST_rot,classif.rpart,6
117,29,MNIST_EMNIST_rot,classif.rpart,7
118,38,MNIST_EMNIST_rot,classif.rpart,8
119,38,MNIST_EMNIST_rot,classif.rpart,9
120,32,MNIST_EMNIST_rot,classif.rpart,10
121,33,MNIST_FashionMNIST,classif.rpart,1
122,32,MNIST_FashionMNIST,classif.rpart,2
123,30,MNIST_FashionMNIST,classif.rpart,3
124,38,MNIST_FashionMNIST,classif.rpart,4
125,38,MNIST_FashionMNIST,classif.rpart,5
126,39,MNIST_FashionMNIST,classif.rpart,6
127,39,MNIST_FashionMNIST,classif.rpart,7
128,37,MNIST_FashionMNIST,classif.rpart,8
129,37,MNIST_FashionMNIST,classif.rpart,9
130,38,MNIST_FashionMNIST,classif.rpart,10
131,4,NSCH_autism,classif.rpart,1
132,4,NSCH_autism,classif.rpart,2
133,4,NSCH_autism,classif.rpart,3
134,4,NSCH_autism,classif.rpart,4
135,4,NSCH_autism,classif.rpart,5
136,4,NSCH_autism,classif.rpart,6
137,4,NSCH_autism,classif.rpart,7
138,4,NSCH_autism,classif.rpart,8
139,4,NSCH_autism,classif.rpart,9
140,3,NSCH_autism,classif.rpart,10
141,27,QMNIST,classif.rpart,1
142,28,QMNIST,classif.rpart,2
143,28,QMNIST,classif.rpart,3
144,29,QMNIST,classif.rpart,4
145,29,QMNIST,classif.rpart,5
146,26,QMNIST,classif.rpart,6
147,27,QMNIST,classif.rpart,7
148,28,QMNIST,classif.rpart,8
149,28,QMNIST,classif.rpart,9
150,28,QMNIST,classif.rpart,10
151,0,spam,classif.rpart,1
152,0,spam,classif.rpart,2
153,0,spam,classif.rpart,3
154,0,spam,classif.rpart,4
155,0,spam,classif.rpart,5
156,0,spam,classif.rpart,6
157,0,spam,classif.rpart,7
158,0,spam,classif.rpart,8
159,0,spam,classif.rpart,9
160,0,spam,classif.rpart,10
161,38,STL10,classif.rpart,1
162,38,STL10,classif.rpart,2
163,42,STL10,classif.rpart,3
164,42,STL10,classif.rpart,4
165,44,STL10,classif.rpart,5
166,44,STL10,classif.rpart,6
167,44,STL10,classif.rpart,7
168,46,STL10,classif.rpart,8
169,46,STL10,classif.rpart,9
170,46,STL10,classif.rpart,10
171,0,vowel,classif.rpart,1
172,0,vowel,classif.rpart,2
173,0,vowel,classif.rpart,3
174,0,vowel,classif.rpart,4
175,0,vowel,classif.rpart,5
176,0,vowel,classif.rpart,6
177,0,vowel,classif.rpart,7
178,0,vowel,classif.rpart,8
179,0,vowel,classif.rpart,9
180,0,vowel,classif.rpart,10
181,0,waveform,classif.rpart,1
182,0,waveform,classif.rpart,2
183,0,waveform,classif.rpart,3
184,0,waveform,classif.rpart,4
185,0,waveform,classif.rpart,5
186,0,waveform,classif.rpart,6
187,0,waveform,classif.rpart,7
188,0,waveform,classif.rpart,8
189,0,waveform,classif.rpart,9
190,0,waveform,classif.rpart,10
191,1,zipUSPS,classif.rpart,1
192,1,zipUSPS,classif.rpart,2
193,1,zipUSPS,classif.rpart,3
194,1,zipUSPS,classif.rpart,4
195,1,zipUSPS,classif.rpart,5
196,1,zipUSPS,classif.rpart,6
197,1,zipUSPS,classif.rpart,7
198,1,zipUSPS,classif.rpart,8
199,1,zipUSPS,classif.rpart,9
200,1,zipUSPS,classif.rpart,10
1,94,aztrees3,classif.xgboost,1
2,89,aztrees3,classif.xgboost,2
3,111,aztrees3,classif.xgboost,3
4,104,aztrees3,classif.xgboost,4
5,111,aztrees3,classif.xgboost,5
6,109,aztrees3,classif.xgboost,6
7,111,aztrees3,classif.xgboost,7
8,109,aztrees3,classif.xgboost,8
9,113,aztrees3,classif.xgboost,9
10,114,aztrees3,classif.xgboost,10
11,106,aztrees4,classif.xgboost,1
12,108,aztrees4,classif.xgboost,2
13,110,aztrees4,classif.xgboost,3
14,108,aztrees4,classif.xgboost,4
15,110,aztrees4,classif.xgboost,5
16,93,aztrees4,classif.xgboost,6
17,95,aztrees4,classif.xgboost,7
18,90,aztrees4,classif.xgboost,8
19,90,aztrees4,classif.xgboost,9
20,96,aztrees4,classif.xgboost,10
21,173,CanadaFires_all,classif.xgboost,1
22,170,CanadaFires_all,classif.xgboost,2
23,173,CanadaFires_all,classif.xgboost,3
24,172,CanadaFires_all,classif.xgboost,4
25,171,CanadaFires_all,classif.xgboost,5
26,171,CanadaFires_all,classif.xgboost,6
27,171,CanadaFires_all,classif.xgboost,7
28,169,CanadaFires_all,classif.xgboost,8
29,171,CanadaFires_all,classif.xgboost,9
30,170,CanadaFires_all,classif.xgboost,10
31,69,CanadaFires_downSampled,classif.xgboost,1
32,71,CanadaFires_downSampled,classif.xgboost,2
33,69,CanadaFires_downSampled,classif.xgboost,3
34,68,CanadaFires_downSampled,classif.xgboost,4
35,69,CanadaFires_downSampled,classif.xgboost,5
36,73,CanadaFires_downSampled,classif.xgboost,6
37,69,CanadaFires_downSampled,classif.xgboost,7
38,69,CanadaFires_downSampled,classif.xgboost,8
39,69,CanadaFires_downSampled,classif.xgboost,9
40,71,CanadaFires_downSampled,classif.xgboost,10
41,,CIFAR10,classif.xgboost,1
42,,CIFAR10,classif.xgboost,2
43,,CIFAR10,classif.xgboost,3
44,,CIFAR10,classif.xgboost,4
45,,CIFAR10,classif.xgboost,5
46,,CIFAR10,classif.xgboost,6
47,,CIFAR10,classif.xgboost,7
48,,CIFAR10,classif.xgboost,8
49,,CIFAR10,classif.xgboost,9
50,,CIFAR10,classif.xgboost,10
51,165616,EMNIST,classif.xgboost,1
52,166585,EMNIST,classif.xgboost,2
53,167079,EMNIST,classif.xgboost,3
54,165854,EMNIST,classif.xgboost,4
55,166126,EMNIST,classif.xgboost,5
56,166396,EMNIST,classif.xgboost,6
57,165272,EMNIST,classif.xgboost,7
58,163090,EMNIST,classif.xgboost,8
59,163088,EMNIST,classif.xgboost,9
60,162393,EMNIST,classif.xgboost,10
61,182427,FashionMNIST,classif.xgboost,1
62,185464,FashionMNIST,classif.xgboost,2
63,181719,FashionMNIST,classif.xgboost,3
64,182884,FashionMNIST,classif.xgboost,4
65,181332,FashionMNIST,classif.xgboost,5
66,181485,FashionMNIST,classif.xgboost,6
67,183454,FashionMNIST,classif.xgboost,7
68,183195,FashionMNIST,classif.xgboost,8
69,182275,FashionMNIST,classif.xgboost,9
70,181902,FashionMNIST,classif.xgboost,10
71,184667,FishSonar_river,classif.xgboost,1
72,276419,FishSonar_river,classif.xgboost,2
73,275860,FishSonar_river,classif.xgboost,3
74,276966,FishSonar_river,classif.xgboost,4
75,194547,FishSonar_river,classif.xgboost,5
76,266217,FishSonar_river,classif.xgboost,6
77,266131,FishSonar_river,classif.xgboost,7
78,265996,FishSonar_river,classif.xgboost,8
79,185295,FishSonar_river,classif.xgboost,9
80,194590,FishSonar_river,classif.xgboost,10
81,181356,KMNIST,classif.xgboost,1
82,180536,KMNIST,classif.xgboost,2
83,178761,KMNIST,classif.xgboost,3
84,181485,KMNIST,classif.xgboost,4
85,181397,KMNIST,classif.xgboost,5
86,180750,KMNIST,classif.xgboost,6
87,181122,KMNIST,classif.xgboost,7
88,181710,KMNIST,classif.xgboost,8
89,182700,KMNIST,classif.xgboost,9
90,179917,KMNIST,classif.xgboost,10
91,155093,MNIST,classif.xgboost,1
92,155016,MNIST,classif.xgboost,2
93,155122,MNIST,classif.xgboost,3
94,221693,MNIST,classif.xgboost,4
95,221059,MNIST,classif.xgboost,5
96,222938,MNIST,classif.xgboost,6
97,232454,MNIST,classif.xgboost,7
98,155887,MNIST,classif.xgboost,8
99,154261,MNIST,classif.xgboost,9
100,152287,MNIST,classif.xgboost,10
101,323463,MNIST_EMNIST,classif.xgboost,1
102,322704,MNIST_EMNIST,classif.xgboost,2
103,330141,MNIST_EMNIST,classif.xgboost,3
104,330505,MNIST_EMNIST,classif.xgboost,4
105,331258,MNIST_EMNIST,classif.xgboost,5
106,330547,MNIST_EMNIST,classif.xgboost,6
107,329591,MNIST_EMNIST,classif.xgboost,7
108,330506,MNIST_EMNIST,classif.xgboost,8
109,329610,MNIST_EMNIST,classif.xgboost,9
110,329989,MNIST_EMNIST,classif.xgboost,10
111,331689,MNIST_EMNIST_rot,classif.xgboost,1
112,329099,MNIST_EMNIST_rot,classif.xgboost,2
113,,MNIST_EMNIST_rot,classif.xgboost,3
114,,MNIST_EMNIST_rot,classif.xgboost,4
115,,MNIST_EMNIST_rot,classif.xgboost,5
116,,MNIST_EMNIST_rot,classif.xgboost,6
117,,MNIST_EMNIST_rot,classif.xgboost,7
118,,MNIST_EMNIST_rot,classif.xgboost,8
119,,MNIST_EMNIST_rot,classif.xgboost,9
120,,MNIST_EMNIST_rot,classif.xgboost,10
121,,MNIST_FashionMNIST,classif.xgboost,1
122,,MNIST_FashionMNIST,classif.xgboost,2
123,,MNIST_FashionMNIST,classif.xgboost,3
124,,MNIST_FashionMNIST,classif.xgboost,4
125,,MNIST_FashionMNIST,classif.xgboost,5
126,,MNIST_FashionMNIST,classif.xgboost,6
127,,MNIST_FashionMNIST,classif.xgboost,7
128,,MNIST_FashionMNIST,classif.xgboost,8
129,,MNIST_FashionMNIST,classif.xgboost,9
130,,MNIST_FashionMNIST,classif.xgboost,10
131,5764,NSCH_autism,classif.xgboost,1
132,5749,NSCH_autism,classif.xgboost,2
133,5754,NSCH_autism,classif.xgboost,3
134,5711,NSCH_autism,classif.xgboost,4
135,5727,NSCH_autism,classif.xgboost,5
136,5745,NSCH_autism,classif.xgboost,6
137,5760,NSCH_autism,classif.xgboost,7
138,5732,NSCH_autism,classif.xgboost,8
139,5826,NSCH_autism,classif.xgboost,9
140,5745,NSCH_autism,classif.xgboost,10
141,329007,QMNIST,classif.xgboost,1
142,334117,QMNIST,classif.xgboost,2
143,330425,QMNIST,classif.xgboost,3
144,331161,QMNIST,classif.xgboost,4
145,332198,QMNIST,classif.xgboost,5
146,332203,QMNIST,classif.xgboost,6
147,333947,QMNIST,classif.xgboost,7
148,336022,QMNIST,classif.xgboost,8
149,338832,QMNIST,classif.xgboost,9
150,336797,QMNIST,classif.xgboost,10
151,154,spam,classif.xgboost,1
152,155,spam,classif.xgboost,2
153,153,spam,classif.xgboost,3
154,154,spam,classif.xgboost,4
155,154,spam,classif.xgboost,5
156,171,spam,classif.xgboost,6
157,137,spam,classif.xgboost,7
158,134,spam,classif.xgboost,8
159,153,spam,classif.xgboost,9
160,152,spam,classif.xgboost,10
161,,STL10,classif.xgboost,1
162,,STL10,classif.xgboost,2
163,,STL10,classif.xgboost,3
164,,STL10,classif.xgboost,4
165,,STL10,classif.xgboost,5
166,,STL10,classif.xgboost,6
167,,STL10,classif.xgboost,7
168,,STL10,classif.xgboost,8
169,,STL10,classif.xgboost,9
170,,STL10,classif.xgboost,10
171,135,vowel,classif.xgboost,1
172,138,vowel,classif.xgboost,2
173,137,vowel,classif.xgboost,3
174,137,vowel,classif.xgboost,4
175,136,vowel,classif.xgboost,5
176,136,vowel,classif.xgboost,6
177,137,vowel,classif.xgboost,7
178,137,vowel,classif.xgboost,8
179,138,vowel,classif.xgboost,9
180,139,vowel,classif.xgboost,10
181,83,waveform,classif.xgboost,1
182,84,waveform,classif.xgboost,2
183,83,waveform,classif.xgboost,3
184,83,waveform,classif.xgboost,4
185,84,waveform,classif.xgboost,5
186,84,waveform,classif.xgboost,6
187,84,waveform,classif.xgboost,7
188,73,waveform,classif.xgboost,8
189,74,waveform,classif.xgboost,9
190,75,waveform,classif.xgboost,10
191,13243,zipUSPS,classif.xgboost,1
192,13264,zipUSPS,classif.xgboost,2
193,13243,zipUSPS,classif.xgboost,3
194,13453,zipUSPS,classif.xgboost,4
195,13256,zipUSPS,classif.xgboost,5
196,13240,zipUSPS,classif.xgboost,6
197,13269,zipUSPS,classif.xgboost,7
198,13245,zipUSPS,classif.xgboost,8
199,13410,zipUSPS,classif.xgboost,9
200,13341,zipUSPS,classif.xgboost,10
