test.subset,train.subsets,groups,test.fold,seed,n.train.groups,iteration,Train_subsets,uhash,nr,task_id,learner_id,resampling_id,regr.rmse,algorithm
large,all,540,1,1,540,1,all,69f1dd2c-b228-49e0-8eb7-a46d91cf3130,1,different,regr.rpart,same_other_sizes_cv,0.292678004827414,rpart
large,all,540,1,1,180,2,all,69f1dd2c-b228-49e0-8eb7-a46d91cf3130,1,different,regr.rpart,same_other_sizes_cv,0.3853533288904,rpart
large,all,540,1,2,540,3,all,69f1dd2c-b228-49e0-8eb7-a46d91cf3130,1,different,regr.rpart,same_other_sizes_cv,0.292678004827414,rpart
large,all,540,1,2,180,4,all,69f1dd2c-b228-49e0-8eb7-a46d91cf3130,1,different,regr.rpart,same_other_sizes_cv,0.303587321995281,rpart
small,all,540,1,1,540,5,all,69f1dd2c-b228-49e0-8eb7-a46d91cf3130,1,different,regr.rpart,same_other_sizes_cv,1.37404087454503,rpart
small,all,540,1,1,180,6,all,69f1dd2c-b228-49e0-8eb7-a46d91cf3130,1,different,regr.rpart,same_other_sizes_cv,1.5346657383115,rpart
small,all,540,1,2,540,7,all,69f1dd2c-b228-49e0-8eb7-a46d91cf3130,1,different,regr.rpart,same_other_sizes_cv,1.37404087454503,rpart
small,all,540,1,2,180,8,all,69f1dd2c-b228-49e0-8eb7-a46d91cf3130,1,different,regr.rpart,same_other_sizes_cv,1.45341966515898,rpart
large,all,540,2,1,540,9,all,69f1dd2c-b228-49e0-8eb7-a46d91cf3130,1,different,regr.rpart,same_other_sizes_cv,0.344707413466317,rpart
large,all,540,2,1,180,10,all,69f1dd2c-b228-49e0-8eb7-a46d91cf3130,1,different,regr.rpart,same_other_sizes_cv,0.446450394743944,rpart
large,all,540,2,2,540,11,all,69f1dd2c-b228-49e0-8eb7-a46d91cf3130,1,different,regr.rpart,same_other_sizes_cv,0.344707413466317,rpart
large,all,540,2,2,180,12,all,69f1dd2c-b228-49e0-8eb7-a46d91cf3130,1,different,regr.rpart,same_other_sizes_cv,0.403360672324668,rpart
small,all,540,2,1,540,13,all,69f1dd2c-b228-49e0-8eb7-a46d91cf3130,1,different,regr.rpart,same_other_sizes_cv,1.75655950129726,rpart
small,all,540,2,1,180,14,all,69f1dd2c-b228-49e0-8eb7-a46d91cf3130,1,different,regr.rpart,same_other_sizes_cv,1.80693486461646,rpart
small,all,540,2,2,540,15,all,69f1dd2c-b228-49e0-8eb7-a46d91cf3130,1,different,regr.rpart,same_other_sizes_cv,1.75655950129726,rpart
small,all,540,2,2,180,16,all,69f1dd2c-b228-49e0-8eb7-a46d91cf3130,1,different,regr.rpart,same_other_sizes_cv,1.83028386282964,rpart
large,all,540,3,1,540,17,all,69f1dd2c-b228-49e0-8eb7-a46d91cf3130,1,different,regr.rpart,same_other_sizes_cv,0.337233074255719,rpart
large,all,540,3,1,180,18,all,69f1dd2c-b228-49e0-8eb7-a46d91cf3130,1,different,regr.rpart,same_other_sizes_cv,0.510716241214802,rpart
large,all,540,3,2,540,19,all,69f1dd2c-b228-49e0-8eb7-a46d91cf3130,1,different,regr.rpart,same_other_sizes_cv,0.337233074255719,rpart
large,all,540,3,2,180,20,all,69f1dd2c-b228-49e0-8eb7-a46d91cf3130,1,different,regr.rpart,same_other_sizes_cv,0.470284711607106,rpart
small,all,540,3,1,540,21,all,69f1dd2c-b228-49e0-8eb7-a46d91cf3130,1,different,regr.rpart,same_other_sizes_cv,1.32095043839859,rpart
small,all,540,3,1,180,22,all,69f1dd2c-b228-49e0-8eb7-a46d91cf3130,1,different,regr.rpart,same_other_sizes_cv,1.39387214188186,rpart
small,all,540,3,2,540,23,all,69f1dd2c-b228-49e0-8eb7-a46d91cf3130,1,different,regr.rpart,same_other_sizes_cv,1.32095043839859,rpart
small,all,540,3,2,180,24,all,69f1dd2c-b228-49e0-8eb7-a46d91cf3130,1,different,regr.rpart,same_other_sizes_cv,1.39927911018635,rpart
large,all,540,4,1,540,25,all,69f1dd2c-b228-49e0-8eb7-a46d91cf3130,1,different,regr.rpart,same_other_sizes_cv,0.322358648133076,rpart
large,all,540,4,1,180,26,all,69f1dd2c-b228-49e0-8eb7-a46d91cf3130,1,different,regr.rpart,same_other_sizes_cv,0.556643496916711,rpart
large,all,540,4,2,540,27,all,69f1dd2c-b228-49e0-8eb7-a46d91cf3130,1,different,regr.rpart,same_other_sizes_cv,0.322358648133076,rpart
large,all,540,4,2,180,28,all,69f1dd2c-b228-49e0-8eb7-a46d91cf3130,1,different,regr.rpart,same_other_sizes_cv,0.451404376516803,rpart
small,all,540,4,1,540,29,all,69f1dd2c-b228-49e0-8eb7-a46d91cf3130,1,different,regr.rpart,same_other_sizes_cv,1.90029980309486,rpart
small,all,540,4,1,180,30,all,69f1dd2c-b228-49e0-8eb7-a46d91cf3130,1,different,regr.rpart,same_other_sizes_cv,1.69740446185566,rpart
small,all,540,4,2,540,31,all,69f1dd2c-b228-49e0-8eb7-a46d91cf3130,1,different,regr.rpart,same_other_sizes_cv,1.90029980309486,rpart
small,all,540,4,2,180,32,all,69f1dd2c-b228-49e0-8eb7-a46d91cf3130,1,different,regr.rpart,same_other_sizes_cv,1.79519198530108,rpart
large,all,540,5,1,540,33,all,69f1dd2c-b228-49e0-8eb7-a46d91cf3130,1,different,regr.rpart,same_other_sizes_cv,0.295910011613177,rpart
large,all,540,5,1,180,34,all,69f1dd2c-b228-49e0-8eb7-a46d91cf3130,1,different,regr.rpart,same_other_sizes_cv,0.507566398878144,rpart
large,all,540,5,2,540,35,all,69f1dd2c-b228-49e0-8eb7-a46d91cf3130,1,different,regr.rpart,same_other_sizes_cv,0.295910011613177,rpart
large,all,540,5,2,180,36,all,69f1dd2c-b228-49e0-8eb7-a46d91cf3130,1,different,regr.rpart,same_other_sizes_cv,0.440898482951421,rpart
small,all,540,5,1,540,37,all,69f1dd2c-b228-49e0-8eb7-a46d91cf3130,1,different,regr.rpart,same_other_sizes_cv,1.62913351869486,rpart
small,all,540,5,1,180,38,all,69f1dd2c-b228-49e0-8eb7-a46d91cf3130,1,different,regr.rpart,same_other_sizes_cv,1.63309502152751,rpart
small,all,540,5,2,540,39,all,69f1dd2c-b228-49e0-8eb7-a46d91cf3130,1,different,regr.rpart,same_other_sizes_cv,1.62913351869486,rpart
small,all,540,5,2,180,40,all,69f1dd2c-b228-49e0-8eb7-a46d91cf3130,1,different,regr.rpart,same_other_sizes_cv,1.71576685610602,rpart
large,all,540,6,1,540,41,all,69f1dd2c-b228-49e0-8eb7-a46d91cf3130,1,different,regr.rpart,same_other_sizes_cv,0.282468662956322,rpart
large,all,540,6,1,180,42,all,69f1dd2c-b228-49e0-8eb7-a46d91cf3130,1,different,regr.rpart,same_other_sizes_cv,0.392041785312318,rpart
large,all,540,6,2,540,43,all,69f1dd2c-b228-49e0-8eb7-a46d91cf3130,1,different,regr.rpart,same_other_sizes_cv,0.282468662956322,rpart
large,all,540,6,2,180,44,all,69f1dd2c-b228-49e0-8eb7-a46d91cf3130,1,different,regr.rpart,same_other_sizes_cv,0.523406491679486,rpart
small,all,540,6,1,540,45,all,69f1dd2c-b228-49e0-8eb7-a46d91cf3130,1,different,regr.rpart,same_other_sizes_cv,1.48079350831037,rpart
small,all,540,6,1,180,46,all,69f1dd2c-b228-49e0-8eb7-a46d91cf3130,1,different,regr.rpart,same_other_sizes_cv,1.42881880810872,rpart
small,all,540,6,2,540,47,all,69f1dd2c-b228-49e0-8eb7-a46d91cf3130,1,different,regr.rpart,same_other_sizes_cv,1.48079350831037,rpart
small,all,540,6,2,180,48,all,69f1dd2c-b228-49e0-8eb7-a46d91cf3130,1,different,regr.rpart,same_other_sizes_cv,1.37887559972247,rpart
large,all,540,7,1,540,49,all,69f1dd2c-b228-49e0-8eb7-a46d91cf3130,1,different,regr.rpart,same_other_sizes_cv,0.323655297136421,rpart
large,all,540,7,1,180,50,all,69f1dd2c-b228-49e0-8eb7-a46d91cf3130,1,different,regr.rpart,same_other_sizes_cv,0.392755761252881,rpart
large,all,540,7,2,540,51,all,69f1dd2c-b228-49e0-8eb7-a46d91cf3130,1,different,regr.rpart,same_other_sizes_cv,0.323655297136421,rpart
large,all,540,7,2,180,52,all,69f1dd2c-b228-49e0-8eb7-a46d91cf3130,1,different,regr.rpart,same_other_sizes_cv,0.404061705842025,rpart
small,all,540,7,1,540,53,all,69f1dd2c-b228-49e0-8eb7-a46d91cf3130,1,different,regr.rpart,same_other_sizes_cv,2.01032869001372,rpart
small,all,540,7,1,180,54,all,69f1dd2c-b228-49e0-8eb7-a46d91cf3130,1,different,regr.rpart,same_other_sizes_cv,2.05865258017381,rpart
small,all,540,7,2,540,55,all,69f1dd2c-b228-49e0-8eb7-a46d91cf3130,1,different,regr.rpart,same_other_sizes_cv,2.01032869001372,rpart
small,all,540,7,2,180,56,all,69f1dd2c-b228-49e0-8eb7-a46d91cf3130,1,different,regr.rpart,same_other_sizes_cv,2.14678588220535,rpart
large,all,540,8,1,540,57,all,69f1dd2c-b228-49e0-8eb7-a46d91cf3130,1,different,regr.rpart,same_other_sizes_cv,0.36342191457071,rpart
large,all,540,8,1,180,58,all,69f1dd2c-b228-49e0-8eb7-a46d91cf3130,1,different,regr.rpart,same_other_sizes_cv,0.401636116223964,rpart
large,all,540,8,2,540,59,all,69f1dd2c-b228-49e0-8eb7-a46d91cf3130,1,different,regr.rpart,same_other_sizes_cv,0.36342191457071,rpart
large,all,540,8,2,180,60,all,69f1dd2c-b228-49e0-8eb7-a46d91cf3130,1,different,regr.rpart,same_other_sizes_cv,0.444957500071535,rpart
small,all,540,8,1,540,61,all,69f1dd2c-b228-49e0-8eb7-a46d91cf3130,1,different,regr.rpart,same_other_sizes_cv,1.590721750049,rpart
small,all,540,8,1,180,62,all,69f1dd2c-b228-49e0-8eb7-a46d91cf3130,1,different,regr.rpart,same_other_sizes_cv,1.64456501264364,rpart
small,all,540,8,2,540,63,all,69f1dd2c-b228-49e0-8eb7-a46d91cf3130,1,different,regr.rpart,same_other_sizes_cv,1.590721750049,rpart
small,all,540,8,2,180,64,all,69f1dd2c-b228-49e0-8eb7-a46d91cf3130,1,different,regr.rpart,same_other_sizes_cv,1.60627232110064,rpart
large,all,540,9,1,540,65,all,69f1dd2c-b228-49e0-8eb7-a46d91cf3130,1,different,regr.rpart,same_other_sizes_cv,0.322346643008942,rpart
large,all,540,9,1,180,66,all,69f1dd2c-b228-49e0-8eb7-a46d91cf3130,1,different,regr.rpart,same_other_sizes_cv,0.481570058870908,rpart
large,all,540,9,2,540,67,all,69f1dd2c-b228-49e0-8eb7-a46d91cf3130,1,different,regr.rpart,same_other_sizes_cv,0.322346643008942,rpart
large,all,540,9,2,180,68,all,69f1dd2c-b228-49e0-8eb7-a46d91cf3130,1,different,regr.rpart,same_other_sizes_cv,0.405867904092911,rpart
small,all,540,9,1,540,69,all,69f1dd2c-b228-49e0-8eb7-a46d91cf3130,1,different,regr.rpart,same_other_sizes_cv,1.20106133379488,rpart
small,all,540,9,1,180,70,all,69f1dd2c-b228-49e0-8eb7-a46d91cf3130,1,different,regr.rpart,same_other_sizes_cv,1.38936553170321,rpart
small,all,540,9,2,540,71,all,69f1dd2c-b228-49e0-8eb7-a46d91cf3130,1,different,regr.rpart,same_other_sizes_cv,1.20106133379488,rpart
small,all,540,9,2,180,72,all,69f1dd2c-b228-49e0-8eb7-a46d91cf3130,1,different,regr.rpart,same_other_sizes_cv,1.24304035600083,rpart
large,all,540,10,1,540,73,all,69f1dd2c-b228-49e0-8eb7-a46d91cf3130,1,different,regr.rpart,same_other_sizes_cv,0.36037205271042,rpart
large,all,540,10,1,180,74,all,69f1dd2c-b228-49e0-8eb7-a46d91cf3130,1,different,regr.rpart,same_other_sizes_cv,0.42930839711645,rpart
large,all,540,10,2,540,75,all,69f1dd2c-b228-49e0-8eb7-a46d91cf3130,1,different,regr.rpart,same_other_sizes_cv,0.36037205271042,rpart
large,all,540,10,2,180,76,all,69f1dd2c-b228-49e0-8eb7-a46d91cf3130,1,different,regr.rpart,same_other_sizes_cv,0.439908675168489,rpart
small,all,540,10,1,540,77,all,69f1dd2c-b228-49e0-8eb7-a46d91cf3130,1,different,regr.rpart,same_other_sizes_cv,1.63654550460519,rpart
small,all,540,10,1,180,78,all,69f1dd2c-b228-49e0-8eb7-a46d91cf3130,1,different,regr.rpart,same_other_sizes_cv,1.62448126659058,rpart
small,all,540,10,2,540,79,all,69f1dd2c-b228-49e0-8eb7-a46d91cf3130,1,different,regr.rpart,same_other_sizes_cv,1.63654550460519,rpart
small,all,540,10,2,180,80,all,69f1dd2c-b228-49e0-8eb7-a46d91cf3130,1,different,regr.rpart,same_other_sizes_cv,1.650542821856,rpart
large,other,180,1,1,180,81,other,69f1dd2c-b228-49e0-8eb7-a46d91cf3130,1,different,regr.rpart,same_other_sizes_cv,0.521331565436377,rpart
large,other,180,1,2,180,82,other,69f1dd2c-b228-49e0-8eb7-a46d91cf3130,1,different,regr.rpart,same_other_sizes_cv,0.521331565436377,rpart
small,other,360,1,1,360,83,other,69f1dd2c-b228-49e0-8eb7-a46d91cf3130,1,different,regr.rpart,same_other_sizes_cv,1.41246389705329,rpart
small,other,360,1,1,180,84,other,69f1dd2c-b228-49e0-8eb7-a46d91cf3130,1,different,regr.rpart,same_other_sizes_cv,1.44862785625741,rpart
small,other,360,1,2,360,85,other,69f1dd2c-b228-49e0-8eb7-a46d91cf3130,1,different,regr.rpart,same_other_sizes_cv,1.41246389705329,rpart
small,other,360,1,2,180,86,other,69f1dd2c-b228-49e0-8eb7-a46d91cf3130,1,different,regr.rpart,same_other_sizes_cv,1.42459417411704,rpart
large,other,180,2,1,180,87,other,69f1dd2c-b228-49e0-8eb7-a46d91cf3130,1,different,regr.rpart,same_other_sizes_cv,0.540887650858874,rpart
large,other,180,2,2,180,88,other,69f1dd2c-b228-49e0-8eb7-a46d91cf3130,1,different,regr.rpart,same_other_sizes_cv,0.540887650858874,rpart
small,other,360,2,1,360,89,other,69f1dd2c-b228-49e0-8eb7-a46d91cf3130,1,different,regr.rpart,same_other_sizes_cv,1.75374286243514,rpart
small,other,360,2,1,180,90,other,69f1dd2c-b228-49e0-8eb7-a46d91cf3130,1,different,regr.rpart,same_other_sizes_cv,1.76387865960179,rpart
small,other,360,2,2,360,91,other,69f1dd2c-b228-49e0-8eb7-a46d91cf3130,1,different,regr.rpart,same_other_sizes_cv,1.75374286243514,rpart
small,other,360,2,2,180,92,other,69f1dd2c-b228-49e0-8eb7-a46d91cf3130,1,different,regr.rpart,same_other_sizes_cv,1.74085706398411,rpart
large,other,180,3,1,180,93,other,69f1dd2c-b228-49e0-8eb7-a46d91cf3130,1,different,regr.rpart,same_other_sizes_cv,0.635527432949154,rpart
large,other,180,3,2,180,94,other,69f1dd2c-b228-49e0-8eb7-a46d91cf3130,1,different,regr.rpart,same_other_sizes_cv,0.635527432949154,rpart
small,other,360,3,1,360,95,other,69f1dd2c-b228-49e0-8eb7-a46d91cf3130,1,different,regr.rpart,same_other_sizes_cv,1.43256259817635,rpart
small,other,360,3,1,180,96,other,69f1dd2c-b228-49e0-8eb7-a46d91cf3130,1,different,regr.rpart,same_other_sizes_cv,1.33132755466089,rpart
small,other,360,3,2,360,97,other,69f1dd2c-b228-49e0-8eb7-a46d91cf3130,1,different,regr.rpart,same_other_sizes_cv,1.43256259817635,rpart
small,other,360,3,2,180,98,other,69f1dd2c-b228-49e0-8eb7-a46d91cf3130,1,different,regr.rpart,same_other_sizes_cv,1.4769614284029,rpart
large,other,180,4,1,180,99,other,69f1dd2c-b228-49e0-8eb7-a46d91cf3130,1,different,regr.rpart,same_other_sizes_cv,0.620326470942308,rpart
large,other,180,4,2,180,100,other,69f1dd2c-b228-49e0-8eb7-a46d91cf3130,1,different,regr.rpart,same_other_sizes_cv,0.620326470942308,rpart
small,other,360,4,1,360,101,other,69f1dd2c-b228-49e0-8eb7-a46d91cf3130,1,different,regr.rpart,same_other_sizes_cv,1.83068058176296,rpart
small,other,360,4,1,180,102,other,69f1dd2c-b228-49e0-8eb7-a46d91cf3130,1,different,regr.rpart,same_other_sizes_cv,1.78505889708311,rpart
small,other,360,4,2,360,103,other,69f1dd2c-b228-49e0-8eb7-a46d91cf3130,1,different,regr.rpart,same_other_sizes_cv,1.83068058176296,rpart
small,other,360,4,2,180,104,other,69f1dd2c-b228-49e0-8eb7-a46d91cf3130,1,different,regr.rpart,same_other_sizes_cv,1.81683562428043,rpart
large,other,180,5,1,180,105,other,69f1dd2c-b228-49e0-8eb7-a46d91cf3130,1,different,regr.rpart,same_other_sizes_cv,0.575551983225058,rpart
large,other,180,5,2,180,106,other,69f1dd2c-b228-49e0-8eb7-a46d91cf3130,1,different,regr.rpart,same_other_sizes_cv,0.575551983225058,rpart
small,other,360,5,1,360,107,other,69f1dd2c-b228-49e0-8eb7-a46d91cf3130,1,different,regr.rpart,same_other_sizes_cv,1.5284402441718,rpart
small,other,360,5,1,180,108,other,69f1dd2c-b228-49e0-8eb7-a46d91cf3130,1,different,regr.rpart,same_other_sizes_cv,1.48095383165974,rpart
small,other,360,5,2,360,109,other,69f1dd2c-b228-49e0-8eb7-a46d91cf3130,1,different,regr.rpart,same_other_sizes_cv,1.5284402441718,rpart
small,other,360,5,2,180,110,other,69f1dd2c-b228-49e0-8eb7-a46d91cf3130,1,different,regr.rpart,same_other_sizes_cv,1.57743298729679,rpart
large,other,180,6,1,180,111,other,69f1dd2c-b228-49e0-8eb7-a46d91cf3130,1,different,regr.rpart,same_other_sizes_cv,0.602986647719063,rpart
large,other,180,6,2,180,112,other,69f1dd2c-b228-49e0-8eb7-a46d91cf3130,1,different,regr.rpart,same_other_sizes_cv,0.602986647719063,rpart
small,other,360,6,1,360,113,other,69f1dd2c-b228-49e0-8eb7-a46d91cf3130,1,different,regr.rpart,same_other_sizes_cv,1.41417543605065,rpart
small,other,360,6,1,180,114,other,69f1dd2c-b228-49e0-8eb7-a46d91cf3130,1,different,regr.rpart,same_other_sizes_cv,1.3814108936989,rpart
small,other,360,6,2,360,115,other,69f1dd2c-b228-49e0-8eb7-a46d91cf3130,1,different,regr.rpart,same_other_sizes_cv,1.41417543605065,rpart
small,other,360,6,2,180,116,other,69f1dd2c-b228-49e0-8eb7-a46d91cf3130,1,different,regr.rpart,same_other_sizes_cv,1.39573628066746,rpart
large,other,180,7,1,180,117,other,69f1dd2c-b228-49e0-8eb7-a46d91cf3130,1,different,regr.rpart,same_other_sizes_cv,0.61463579068969,rpart
large,other,180,7,2,180,118,other,69f1dd2c-b228-49e0-8eb7-a46d91cf3130,1,different,regr.rpart,same_other_sizes_cv,0.61463579068969,rpart
small,other,360,7,1,360,119,other,69f1dd2c-b228-49e0-8eb7-a46d91cf3130,1,different,regr.rpart,same_other_sizes_cv,1.92231730857248,rpart
small,other,360,7,1,180,120,other,69f1dd2c-b228-49e0-8eb7-a46d91cf3130,1,different,regr.rpart,same_other_sizes_cv,1.87783810200611,rpart
small,other,360,7,2,360,121,other,69f1dd2c-b228-49e0-8eb7-a46d91cf3130,1,different,regr.rpart,same_other_sizes_cv,1.92231730857248,rpart
small,other,360,7,2,180,122,other,69f1dd2c-b228-49e0-8eb7-a46d91cf3130,1,different,regr.rpart,same_other_sizes_cv,1.91898438127759,rpart
large,other,180,8,1,180,123,other,69f1dd2c-b228-49e0-8eb7-a46d91cf3130,1,different,regr.rpart,same_other_sizes_cv,0.581387157132745,rpart
large,other,180,8,2,180,124,other,69f1dd2c-b228-49e0-8eb7-a46d91cf3130,1,different,regr.rpart,same_other_sizes_cv,0.581387157132745,rpart
small,other,360,8,1,360,125,other,69f1dd2c-b228-49e0-8eb7-a46d91cf3130,1,different,regr.rpart,same_other_sizes_cv,1.55136740043854,rpart
small,other,360,8,1,180,126,other,69f1dd2c-b228-49e0-8eb7-a46d91cf3130,1,different,regr.rpart,same_other_sizes_cv,1.59778788461173,rpart
small,other,360,8,2,360,127,other,69f1dd2c-b228-49e0-8eb7-a46d91cf3130,1,different,regr.rpart,same_other_sizes_cv,1.55136740043854,rpart
small,other,360,8,2,180,128,other,69f1dd2c-b228-49e0-8eb7-a46d91cf3130,1,different,regr.rpart,same_other_sizes_cv,1.55389516050654,rpart
large,other,180,9,1,180,129,other,69f1dd2c-b228-49e0-8eb7-a46d91cf3130,1,different,regr.rpart,same_other_sizes_cv,0.523413411715783,rpart
large,other,180,9,2,180,130,other,69f1dd2c-b228-49e0-8eb7-a46d91cf3130,1,different,regr.rpart,same_other_sizes_cv,0.523413411715783,rpart
small,other,360,9,1,360,131,other,69f1dd2c-b228-49e0-8eb7-a46d91cf3130,1,different,regr.rpart,same_other_sizes_cv,1.24916426136217,rpart
small,other,360,9,1,180,132,other,69f1dd2c-b228-49e0-8eb7-a46d91cf3130,1,different,regr.rpart,same_other_sizes_cv,1.22878500841205,rpart
small,other,360,9,2,360,133,other,69f1dd2c-b228-49e0-8eb7-a46d91cf3130,1,different,regr.rpart,same_other_sizes_cv,1.24916426136217,rpart
small,other,360,9,2,180,134,other,69f1dd2c-b228-49e0-8eb7-a46d91cf3130,1,different,regr.rpart,same_other_sizes_cv,1.1356672407438,rpart
large,other,180,10,1,180,135,other,69f1dd2c-b228-49e0-8eb7-a46d91cf3130,1,different,regr.rpart,same_other_sizes_cv,0.555756664997087,rpart
large,other,180,10,2,180,136,other,69f1dd2c-b228-49e0-8eb7-a46d91cf3130,1,different,regr.rpart,same_other_sizes_cv,0.555756664997087,rpart
small,other,360,10,1,360,137,other,69f1dd2c-b228-49e0-8eb7-a46d91cf3130,1,different,regr.rpart,same_other_sizes_cv,1.60236394382285,rpart
small,other,360,10,1,180,138,other,69f1dd2c-b228-49e0-8eb7-a46d91cf3130,1,different,regr.rpart,same_other_sizes_cv,1.57547460297095,rpart
small,other,360,10,2,360,139,other,69f1dd2c-b228-49e0-8eb7-a46d91cf3130,1,different,regr.rpart,same_other_sizes_cv,1.60236394382285,rpart
small,other,360,10,2,180,140,other,69f1dd2c-b228-49e0-8eb7-a46d91cf3130,1,different,regr.rpart,same_other_sizes_cv,1.56580976888306,rpart
large,same,360,1,1,360,141,same,69f1dd2c-b228-49e0-8eb7-a46d91cf3130,1,different,regr.rpart,same_other_sizes_cv,0.224439468166513,rpart
large,same,360,1,1,180,142,same,69f1dd2c-b228-49e0-8eb7-a46d91cf3130,1,different,regr.rpart,same_other_sizes_cv,0.22644474314818,rpart
large,same,360,1,2,360,143,same,69f1dd2c-b228-49e0-8eb7-a46d91cf3130,1,different,regr.rpart,same_other_sizes_cv,0.224439468166513,rpart
large,same,360,1,2,180,144,same,69f1dd2c-b228-49e0-8eb7-a46d91cf3130,1,different,regr.rpart,same_other_sizes_cv,0.284478523961828,rpart
small,same,180,1,1,180,145,same,69f1dd2c-b228-49e0-8eb7-a46d91cf3130,1,different,regr.rpart,same_other_sizes_cv,1.50189666194506,rpart
small,same,180,1,2,180,146,same,69f1dd2c-b228-49e0-8eb7-a46d91cf3130,1,different,regr.rpart,same_other_sizes_cv,1.50189666194506,rpart
large,same,360,2,1,360,147,same,69f1dd2c-b228-49e0-8eb7-a46d91cf3130,1,different,regr.rpart,same_other_sizes_cv,0.23421245917896,rpart
large,same,360,2,1,180,148,same,69f1dd2c-b228-49e0-8eb7-a46d91cf3130,1,different,regr.rpart,same_other_sizes_cv,0.245061972600891,rpart
large,same,360,2,2,360,149,same,69f1dd2c-b228-49e0-8eb7-a46d91cf3130,1,different,regr.rpart,same_other_sizes_cv,0.23421245917896,rpart
large,same,360,2,2,180,150,same,69f1dd2c-b228-49e0-8eb7-a46d91cf3130,1,different,regr.rpart,same_other_sizes_cv,0.265913809271366,rpart
small,same,180,2,1,180,151,same,69f1dd2c-b228-49e0-8eb7-a46d91cf3130,1,different,regr.rpart,same_other_sizes_cv,1.82690928136696,rpart
small,same,180,2,2,180,152,same,69f1dd2c-b228-49e0-8eb7-a46d91cf3130,1,different,regr.rpart,same_other_sizes_cv,1.82690928136696,rpart
large,same,360,3,1,360,153,same,69f1dd2c-b228-49e0-8eb7-a46d91cf3130,1,different,regr.rpart,same_other_sizes_cv,0.318329330125082,rpart
large,same,360,3,1,180,154,same,69f1dd2c-b228-49e0-8eb7-a46d91cf3130,1,different,regr.rpart,same_other_sizes_cv,0.338036450445616,rpart
large,same,360,3,2,360,155,same,69f1dd2c-b228-49e0-8eb7-a46d91cf3130,1,different,regr.rpart,same_other_sizes_cv,0.318329330125082,rpart
large,same,360,3,2,180,156,same,69f1dd2c-b228-49e0-8eb7-a46d91cf3130,1,different,regr.rpart,same_other_sizes_cv,0.455163425073865,rpart
small,same,180,3,1,180,157,same,69f1dd2c-b228-49e0-8eb7-a46d91cf3130,1,different,regr.rpart,same_other_sizes_cv,1.48691004791937,rpart
small,same,180,3,2,180,158,same,69f1dd2c-b228-49e0-8eb7-a46d91cf3130,1,different,regr.rpart,same_other_sizes_cv,1.48691004791937,rpart
large,same,360,4,1,360,159,same,69f1dd2c-b228-49e0-8eb7-a46d91cf3130,1,different,regr.rpart,same_other_sizes_cv,0.226799250386667,rpart
large,same,360,4,1,180,160,same,69f1dd2c-b228-49e0-8eb7-a46d91cf3130,1,different,regr.rpart,same_other_sizes_cv,0.239200369928721,rpart
large,same,360,4,2,360,161,same,69f1dd2c-b228-49e0-8eb7-a46d91cf3130,1,different,regr.rpart,same_other_sizes_cv,0.226799250386667,rpart
large,same,360,4,2,180,162,same,69f1dd2c-b228-49e0-8eb7-a46d91cf3130,1,different,regr.rpart,same_other_sizes_cv,0.25611241206804,rpart
small,same,180,4,1,180,163,same,69f1dd2c-b228-49e0-8eb7-a46d91cf3130,1,different,regr.rpart,same_other_sizes_cv,1.94752204517143,rpart
small,same,180,4,2,180,164,same,69f1dd2c-b228-49e0-8eb7-a46d91cf3130,1,different,regr.rpart,same_other_sizes_cv,1.94752204517143,rpart
large,same,360,5,1,360,165,same,69f1dd2c-b228-49e0-8eb7-a46d91cf3130,1,different,regr.rpart,same_other_sizes_cv,0.189743320345192,rpart
large,same,360,5,1,180,166,same,69f1dd2c-b228-49e0-8eb7-a46d91cf3130,1,different,regr.rpart,same_other_sizes_cv,0.207760470418068,rpart
large,same,360,5,2,360,167,same,69f1dd2c-b228-49e0-8eb7-a46d91cf3130,1,different,regr.rpart,same_other_sizes_cv,0.189743320345192,rpart
large,same,360,5,2,180,168,same,69f1dd2c-b228-49e0-8eb7-a46d91cf3130,1,different,regr.rpart,same_other_sizes_cv,0.20023365794387,rpart
small,same,180,5,1,180,169,same,69f1dd2c-b228-49e0-8eb7-a46d91cf3130,1,different,regr.rpart,same_other_sizes_cv,1.7534431218183,rpart
small,same,180,5,2,180,170,same,69f1dd2c-b228-49e0-8eb7-a46d91cf3130,1,different,regr.rpart,same_other_sizes_cv,1.7534431218183,rpart
large,same,360,6,1,360,171,same,69f1dd2c-b228-49e0-8eb7-a46d91cf3130,1,different,regr.rpart,same_other_sizes_cv,0.247598300628219,rpart
large,same,360,6,1,180,172,same,69f1dd2c-b228-49e0-8eb7-a46d91cf3130,1,different,regr.rpart,same_other_sizes_cv,0.262751721249863,rpart
large,same,360,6,2,360,173,same,69f1dd2c-b228-49e0-8eb7-a46d91cf3130,1,different,regr.rpart,same_other_sizes_cv,0.247598300628219,rpart
large,same,360,6,2,180,174,same,69f1dd2c-b228-49e0-8eb7-a46d91cf3130,1,different,regr.rpart,same_other_sizes_cv,0.232641589339322,rpart
small,same,180,6,1,180,175,same,69f1dd2c-b228-49e0-8eb7-a46d91cf3130,1,different,regr.rpart,same_other_sizes_cv,1.39496027285588,rpart
small,same,180,6,2,180,176,same,69f1dd2c-b228-49e0-8eb7-a46d91cf3130,1,different,regr.rpart,same_other_sizes_cv,1.39496027285588,rpart
large,same,360,7,1,360,177,same,69f1dd2c-b228-49e0-8eb7-a46d91cf3130,1,different,regr.rpart,same_other_sizes_cv,0.196136363652862,rpart
large,same,360,7,1,180,178,same,69f1dd2c-b228-49e0-8eb7-a46d91cf3130,1,different,regr.rpart,same_other_sizes_cv,0.242206274000021,rpart
large,same,360,7,2,360,179,same,69f1dd2c-b228-49e0-8eb7-a46d91cf3130,1,different,regr.rpart,same_other_sizes_cv,0.196136363652862,rpart
large,same,360,7,2,180,180,same,69f1dd2c-b228-49e0-8eb7-a46d91cf3130,1,different,regr.rpart,same_other_sizes_cv,0.175272596347184,rpart
small,same,180,7,1,180,181,same,69f1dd2c-b228-49e0-8eb7-a46d91cf3130,1,different,regr.rpart,same_other_sizes_cv,2.1671755853251,rpart
small,same,180,7,2,180,182,same,69f1dd2c-b228-49e0-8eb7-a46d91cf3130,1,different,regr.rpart,same_other_sizes_cv,2.1671755853251,rpart
large,same,360,8,1,360,183,same,69f1dd2c-b228-49e0-8eb7-a46d91cf3130,1,different,regr.rpart,same_other_sizes_cv,0.219145155287024,rpart
large,same,360,8,1,180,184,same,69f1dd2c-b228-49e0-8eb7-a46d91cf3130,1,different,regr.rpart,same_other_sizes_cv,0.20855171162862,rpart
large,same,360,8,2,360,185,same,69f1dd2c-b228-49e0-8eb7-a46d91cf3130,1,different,regr.rpart,same_other_sizes_cv,0.219145155287024,rpart
large,same,360,8,2,180,186,same,69f1dd2c-b228-49e0-8eb7-a46d91cf3130,1,different,regr.rpart,same_other_sizes_cv,0.229161017245295,rpart
small,same,180,8,1,180,187,same,69f1dd2c-b228-49e0-8eb7-a46d91cf3130,1,different,regr.rpart,same_other_sizes_cv,1.61541414878976,rpart
small,same,180,8,2,180,188,same,69f1dd2c-b228-49e0-8eb7-a46d91cf3130,1,different,regr.rpart,same_other_sizes_cv,1.61541414878976,rpart
large,same,360,9,1,360,189,same,69f1dd2c-b228-49e0-8eb7-a46d91cf3130,1,different,regr.rpart,same_other_sizes_cv,0.239923348847889,rpart
large,same,360,9,1,180,190,same,69f1dd2c-b228-49e0-8eb7-a46d91cf3130,1,different,regr.rpart,same_other_sizes_cv,0.243125260140879,rpart
large,same,360,9,2,360,191,same,69f1dd2c-b228-49e0-8eb7-a46d91cf3130,1,different,regr.rpart,same_other_sizes_cv,0.239923348847889,rpart
large,same,360,9,2,180,192,same,69f1dd2c-b228-49e0-8eb7-a46d91cf3130,1,different,regr.rpart,same_other_sizes_cv,0.253106870022667,rpart
small,same,180,9,1,180,193,same,69f1dd2c-b228-49e0-8eb7-a46d91cf3130,1,different,regr.rpart,same_other_sizes_cv,1.4634251536364,rpart
small,same,180,9,2,180,194,same,69f1dd2c-b228-49e0-8eb7-a46d91cf3130,1,different,regr.rpart,same_other_sizes_cv,1.4634251536364,rpart
large,same,360,10,1,360,195,same,69f1dd2c-b228-49e0-8eb7-a46d91cf3130,1,different,regr.rpart,same_other_sizes_cv,0.297679668230693,rpart
large,same,360,10,1,180,196,same,69f1dd2c-b228-49e0-8eb7-a46d91cf3130,1,different,regr.rpart,same_other_sizes_cv,0.286318647831719,rpart
large,same,360,10,2,360,197,same,69f1dd2c-b228-49e0-8eb7-a46d91cf3130,1,different,regr.rpart,same_other_sizes_cv,0.297679668230693,rpart
large,same,360,10,2,180,198,same,69f1dd2c-b228-49e0-8eb7-a46d91cf3130,1,different,regr.rpart,same_other_sizes_cv,0.278608106279992,rpart
small,same,180,10,1,180,199,same,69f1dd2c-b228-49e0-8eb7-a46d91cf3130,1,different,regr.rpart,same_other_sizes_cv,1.76658590249307,rpart
small,same,180,10,2,180,200,same,69f1dd2c-b228-49e0-8eb7-a46d91cf3130,1,different,regr.rpart,same_other_sizes_cv,1.76658590249307,rpart
large,all,108,1,1,108,1,all,ac448612-2717-4551-b5b1-042b71b7a2f5,2,iid_easy,regr.rpart,same_other_sizes_cv,0.397562195673288,rpart
large,all,108,1,1,36,2,all,ac448612-2717-4551-b5b1-042b71b7a2f5,2,iid_easy,regr.rpart,same_other_sizes_cv,0.238586708044066,rpart
large,all,108,1,2,108,3,all,ac448612-2717-4551-b5b1-042b71b7a2f5,2,iid_easy,regr.rpart,same_other_sizes_cv,0.397562195673288,rpart
large,all,108,1,2,36,4,all,ac448612-2717-4551-b5b1-042b71b7a2f5,2,iid_easy,regr.rpart,same_other_sizes_cv,0.328261492812024,rpart
small,all,108,1,1,108,5,all,ac448612-2717-4551-b5b1-042b71b7a2f5,2,iid_easy,regr.rpart,same_other_sizes_cv,0.463462593427371,rpart
small,all,108,1,1,36,6,all,ac448612-2717-4551-b5b1-042b71b7a2f5,2,iid_easy,regr.rpart,same_other_sizes_cv,0.954608225089176,rpart
small,all,108,1,2,108,7,all,ac448612-2717-4551-b5b1-042b71b7a2f5,2,iid_easy,regr.rpart,same_other_sizes_cv,0.463462593427371,rpart
small,all,108,1,2,36,8,all,ac448612-2717-4551-b5b1-042b71b7a2f5,2,iid_easy,regr.rpart,same_other_sizes_cv,0.964733195185372,rpart
large,all,108,2,1,108,9,all,ac448612-2717-4551-b5b1-042b71b7a2f5,2,iid_easy,regr.rpart,same_other_sizes_cv,0.336636719790801,rpart
large,all,108,2,1,36,10,all,ac448612-2717-4551-b5b1-042b71b7a2f5,2,iid_easy,regr.rpart,same_other_sizes_cv,0.608711603726199,rpart
large,all,108,2,2,108,11,all,ac448612-2717-4551-b5b1-042b71b7a2f5,2,iid_easy,regr.rpart,same_other_sizes_cv,0.336636719790801,rpart
large,all,108,2,2,36,12,all,ac448612-2717-4551-b5b1-042b71b7a2f5,2,iid_easy,regr.rpart,same_other_sizes_cv,0.6182713359072,rpart
small,all,108,2,1,108,13,all,ac448612-2717-4551-b5b1-042b71b7a2f5,2,iid_easy,regr.rpart,same_other_sizes_cv,0.516795453403158,rpart
small,all,108,2,1,36,14,all,ac448612-2717-4551-b5b1-042b71b7a2f5,2,iid_easy,regr.rpart,same_other_sizes_cv,0.727557833418963,rpart
small,all,108,2,2,108,15,all,ac448612-2717-4551-b5b1-042b71b7a2f5,2,iid_easy,regr.rpart,same_other_sizes_cv,0.516795453403158,rpart
small,all,108,2,2,36,16,all,ac448612-2717-4551-b5b1-042b71b7a2f5,2,iid_easy,regr.rpart,same_other_sizes_cv,0.656810910934433,rpart
large,all,108,3,1,108,17,all,ac448612-2717-4551-b5b1-042b71b7a2f5,2,iid_easy,regr.rpart,same_other_sizes_cv,0.164778918482262,rpart
large,all,108,3,1,36,18,all,ac448612-2717-4551-b5b1-042b71b7a2f5,2,iid_easy,regr.rpart,same_other_sizes_cv,0.587572614501838,rpart
large,all,108,3,2,108,19,all,ac448612-2717-4551-b5b1-042b71b7a2f5,2,iid_easy,regr.rpart,same_other_sizes_cv,0.164778918482262,rpart
large,all,108,3,2,36,20,all,ac448612-2717-4551-b5b1-042b71b7a2f5,2,iid_easy,regr.rpart,same_other_sizes_cv,0.366363818431637,rpart
small,all,108,3,1,108,21,all,ac448612-2717-4551-b5b1-042b71b7a2f5,2,iid_easy,regr.rpart,same_other_sizes_cv,0.336390634046905,rpart
small,all,108,3,1,36,22,all,ac448612-2717-4551-b5b1-042b71b7a2f5,2,iid_easy,regr.rpart,same_other_sizes_cv,0.541202211624573,rpart
small,all,108,3,2,108,23,all,ac448612-2717-4551-b5b1-042b71b7a2f5,2,iid_easy,regr.rpart,same_other_sizes_cv,0.336390634046905,rpart
small,all,108,3,2,36,24,all,ac448612-2717-4551-b5b1-042b71b7a2f5,2,iid_easy,regr.rpart,same_other_sizes_cv,0.59555192022659,rpart
large,all,108,4,1,108,25,all,ac448612-2717-4551-b5b1-042b71b7a2f5,2,iid_easy,regr.rpart,same_other_sizes_cv,0.251648856145102,rpart
large,all,108,4,1,36,26,all,ac448612-2717-4551-b5b1-042b71b7a2f5,2,iid_easy,regr.rpart,same_other_sizes_cv,0.678110900593444,rpart
large,all,108,4,2,108,27,all,ac448612-2717-4551-b5b1-042b71b7a2f5,2,iid_easy,regr.rpart,same_other_sizes_cv,0.251648856145102,rpart
large,all,108,4,2,36,28,all,ac448612-2717-4551-b5b1-042b71b7a2f5,2,iid_easy,regr.rpart,same_other_sizes_cv,0.470499007389338,rpart
small,all,108,4,1,108,29,all,ac448612-2717-4551-b5b1-042b71b7a2f5,2,iid_easy,regr.rpart,same_other_sizes_cv,0.47043089939673,rpart
small,all,108,4,1,36,30,all,ac448612-2717-4551-b5b1-042b71b7a2f5,2,iid_easy,regr.rpart,same_other_sizes_cv,0.834449039030595,rpart
small,all,108,4,2,108,31,all,ac448612-2717-4551-b5b1-042b71b7a2f5,2,iid_easy,regr.rpart,same_other_sizes_cv,0.47043089939673,rpart
small,all,108,4,2,36,32,all,ac448612-2717-4551-b5b1-042b71b7a2f5,2,iid_easy,regr.rpart,same_other_sizes_cv,0.854114394946274,rpart
large,all,108,5,1,108,33,all,ac448612-2717-4551-b5b1-042b71b7a2f5,2,iid_easy,regr.rpart,same_other_sizes_cv,0.374852463706973,rpart
large,all,108,5,1,36,34,all,ac448612-2717-4551-b5b1-042b71b7a2f5,2,iid_easy,regr.rpart,same_other_sizes_cv,0.554272164806914,rpart
large,all,108,5,2,108,35,all,ac448612-2717-4551-b5b1-042b71b7a2f5,2,iid_easy,regr.rpart,same_other_sizes_cv,0.374852463706973,rpart
large,all,108,5,2,36,36,all,ac448612-2717-4551-b5b1-042b71b7a2f5,2,iid_easy,regr.rpart,same_other_sizes_cv,0.743398119798845,rpart
small,all,108,5,1,108,37,all,ac448612-2717-4551-b5b1-042b71b7a2f5,2,iid_easy,regr.rpart,same_other_sizes_cv,0.419294183870175,rpart
small,all,108,5,1,36,38,all,ac448612-2717-4551-b5b1-042b71b7a2f5,2,iid_easy,regr.rpart,same_other_sizes_cv,0.652551056919143,rpart
small,all,108,5,2,108,39,all,ac448612-2717-4551-b5b1-042b71b7a2f5,2,iid_easy,regr.rpart,same_other_sizes_cv,0.419294183870175,rpart
small,all,108,5,2,36,40,all,ac448612-2717-4551-b5b1-042b71b7a2f5,2,iid_easy,regr.rpart,same_other_sizes_cv,0.748975658453628,rpart
large,all,108,6,1,108,41,all,ac448612-2717-4551-b5b1-042b71b7a2f5,2,iid_easy,regr.rpart,same_other_sizes_cv,0.258155465920375,rpart
large,all,108,6,1,36,42,all,ac448612-2717-4551-b5b1-042b71b7a2f5,2,iid_easy,regr.rpart,same_other_sizes_cv,0.405813003461469,rpart
large,all,108,6,2,108,43,all,ac448612-2717-4551-b5b1-042b71b7a2f5,2,iid_easy,regr.rpart,same_other_sizes_cv,0.258155465920375,rpart
large,all,108,6,2,36,44,all,ac448612-2717-4551-b5b1-042b71b7a2f5,2,iid_easy,regr.rpart,same_other_sizes_cv,0.446392602999664,rpart
small,all,108,6,1,108,45,all,ac448612-2717-4551-b5b1-042b71b7a2f5,2,iid_easy,regr.rpart,same_other_sizes_cv,0.416623954905453,rpart
small,all,108,6,1,36,46,all,ac448612-2717-4551-b5b1-042b71b7a2f5,2,iid_easy,regr.rpart,same_other_sizes_cv,0.832630402966017,rpart
small,all,108,6,2,108,47,all,ac448612-2717-4551-b5b1-042b71b7a2f5,2,iid_easy,regr.rpart,same_other_sizes_cv,0.416623954905453,rpart
small,all,108,6,2,36,48,all,ac448612-2717-4551-b5b1-042b71b7a2f5,2,iid_easy,regr.rpart,same_other_sizes_cv,0.335613838008226,rpart
large,all,108,7,1,108,49,all,ac448612-2717-4551-b5b1-042b71b7a2f5,2,iid_easy,regr.rpart,same_other_sizes_cv,0.275599433428191,rpart
large,all,108,7,1,36,50,all,ac448612-2717-4551-b5b1-042b71b7a2f5,2,iid_easy,regr.rpart,same_other_sizes_cv,0.534669282008144,rpart
large,all,108,7,2,108,51,all,ac448612-2717-4551-b5b1-042b71b7a2f5,2,iid_easy,regr.rpart,same_other_sizes_cv,0.275599433428191,rpart
large,all,108,7,2,36,52,all,ac448612-2717-4551-b5b1-042b71b7a2f5,2,iid_easy,regr.rpart,same_other_sizes_cv,0.53127714579822,rpart
small,all,108,7,1,108,53,all,ac448612-2717-4551-b5b1-042b71b7a2f5,2,iid_easy,regr.rpart,same_other_sizes_cv,0.0521238912798617,rpart
small,all,108,7,1,36,54,all,ac448612-2717-4551-b5b1-042b71b7a2f5,2,iid_easy,regr.rpart,same_other_sizes_cv,0.27502370709053,rpart
small,all,108,7,2,108,55,all,ac448612-2717-4551-b5b1-042b71b7a2f5,2,iid_easy,regr.rpart,same_other_sizes_cv,0.0521238912798617,rpart
small,all,108,7,2,36,56,all,ac448612-2717-4551-b5b1-042b71b7a2f5,2,iid_easy,regr.rpart,same_other_sizes_cv,0.298243169649497,rpart
large,all,108,8,1,108,57,all,ac448612-2717-4551-b5b1-042b71b7a2f5,2,iid_easy,regr.rpart,same_other_sizes_cv,0.513305953056174,rpart
large,all,108,8,1,36,58,all,ac448612-2717-4551-b5b1-042b71b7a2f5,2,iid_easy,regr.rpart,same_other_sizes_cv,0.626322268780028,rpart
large,all,108,8,2,108,59,all,ac448612-2717-4551-b5b1-042b71b7a2f5,2,iid_easy,regr.rpart,same_other_sizes_cv,0.513305953056174,rpart
large,all,108,8,2,36,60,all,ac448612-2717-4551-b5b1-042b71b7a2f5,2,iid_easy,regr.rpart,same_other_sizes_cv,0.556311032397998,rpart
small,all,108,8,1,108,61,all,ac448612-2717-4551-b5b1-042b71b7a2f5,2,iid_easy,regr.rpart,same_other_sizes_cv,0.305434909762319,rpart
small,all,108,8,1,36,62,all,ac448612-2717-4551-b5b1-042b71b7a2f5,2,iid_easy,regr.rpart,same_other_sizes_cv,0.646388369240056,rpart
small,all,108,8,2,108,63,all,ac448612-2717-4551-b5b1-042b71b7a2f5,2,iid_easy,regr.rpart,same_other_sizes_cv,0.305434909762319,rpart
small,all,108,8,2,36,64,all,ac448612-2717-4551-b5b1-042b71b7a2f5,2,iid_easy,regr.rpart,same_other_sizes_cv,0.595291913535949,rpart
large,all,108,9,1,108,65,all,ac448612-2717-4551-b5b1-042b71b7a2f5,2,iid_easy,regr.rpart,same_other_sizes_cv,0.308822199861088,rpart
large,all,108,9,1,36,66,all,ac448612-2717-4551-b5b1-042b71b7a2f5,2,iid_easy,regr.rpart,same_other_sizes_cv,0.762265759569695,rpart
large,all,108,9,2,108,67,all,ac448612-2717-4551-b5b1-042b71b7a2f5,2,iid_easy,regr.rpart,same_other_sizes_cv,0.308822199861088,rpart
large,all,108,9,2,36,68,all,ac448612-2717-4551-b5b1-042b71b7a2f5,2,iid_easy,regr.rpart,same_other_sizes_cv,0.783152200715374,rpart
small,all,108,9,1,108,69,all,ac448612-2717-4551-b5b1-042b71b7a2f5,2,iid_easy,regr.rpart,same_other_sizes_cv,0.363173722063531,rpart
small,all,108,9,1,36,70,all,ac448612-2717-4551-b5b1-042b71b7a2f5,2,iid_easy,regr.rpart,same_other_sizes_cv,0.547643172328206,rpart
small,all,108,9,2,108,71,all,ac448612-2717-4551-b5b1-042b71b7a2f5,2,iid_easy,regr.rpart,same_other_sizes_cv,0.363173722063531,rpart
small,all,108,9,2,36,72,all,ac448612-2717-4551-b5b1-042b71b7a2f5,2,iid_easy,regr.rpart,same_other_sizes_cv,0.874336350745539,rpart
large,all,108,10,1,108,73,all,ac448612-2717-4551-b5b1-042b71b7a2f5,2,iid_easy,regr.rpart,same_other_sizes_cv,0.329510816223443,rpart
large,all,108,10,1,36,74,all,ac448612-2717-4551-b5b1-042b71b7a2f5,2,iid_easy,regr.rpart,same_other_sizes_cv,0.588997602592957,rpart
large,all,108,10,2,108,75,all,ac448612-2717-4551-b5b1-042b71b7a2f5,2,iid_easy,regr.rpart,same_other_sizes_cv,0.329510816223443,rpart
large,all,108,10,2,36,76,all,ac448612-2717-4551-b5b1-042b71b7a2f5,2,iid_easy,regr.rpart,same_other_sizes_cv,0.290401995873153,rpart
small,all,108,10,1,108,77,all,ac448612-2717-4551-b5b1-042b71b7a2f5,2,iid_easy,regr.rpart,same_other_sizes_cv,0.404201906517956,rpart
small,all,108,10,1,36,78,all,ac448612-2717-4551-b5b1-042b71b7a2f5,2,iid_easy,regr.rpart,same_other_sizes_cv,0.780997055359343,rpart
small,all,108,10,2,108,79,all,ac448612-2717-4551-b5b1-042b71b7a2f5,2,iid_easy,regr.rpart,same_other_sizes_cv,0.404201906517956,rpart
small,all,108,10,2,36,80,all,ac448612-2717-4551-b5b1-042b71b7a2f5,2,iid_easy,regr.rpart,same_other_sizes_cv,0.617963208915402,rpart
large,other,36,1,1,36,81,other,ac448612-2717-4551-b5b1-042b71b7a2f5,2,iid_easy,regr.rpart,same_other_sizes_cv,0.36753484702757,rpart
large,other,36,1,2,36,82,other,ac448612-2717-4551-b5b1-042b71b7a2f5,2,iid_easy,regr.rpart,same_other_sizes_cv,0.36753484702757,rpart
small,other,72,1,1,72,83,other,ac448612-2717-4551-b5b1-042b71b7a2f5,2,iid_easy,regr.rpart,same_other_sizes_cv,0.519174121281339,rpart
small,other,72,1,1,36,84,other,ac448612-2717-4551-b5b1-042b71b7a2f5,2,iid_easy,regr.rpart,same_other_sizes_cv,0.840787708827212,rpart
small,other,72,1,2,72,85,other,ac448612-2717-4551-b5b1-042b71b7a2f5,2,iid_easy,regr.rpart,same_other_sizes_cv,0.519174121281339,rpart
small,other,72,1,2,36,86,other,ac448612-2717-4551-b5b1-042b71b7a2f5,2,iid_easy,regr.rpart,same_other_sizes_cv,0.852516169705899,rpart
large,other,36,2,1,36,87,other,ac448612-2717-4551-b5b1-042b71b7a2f5,2,iid_easy,regr.rpart,same_other_sizes_cv,0.738987963157137,rpart
large,other,36,2,2,36,88,other,ac448612-2717-4551-b5b1-042b71b7a2f5,2,iid_easy,regr.rpart,same_other_sizes_cv,0.738987963157137,rpart
small,other,72,2,1,72,89,other,ac448612-2717-4551-b5b1-042b71b7a2f5,2,iid_easy,regr.rpart,same_other_sizes_cv,0.626546699375501,rpart
small,other,72,2,1,36,90,other,ac448612-2717-4551-b5b1-042b71b7a2f5,2,iid_easy,regr.rpart,same_other_sizes_cv,0.884372662879101,rpart
small,other,72,2,2,72,91,other,ac448612-2717-4551-b5b1-042b71b7a2f5,2,iid_easy,regr.rpart,same_other_sizes_cv,0.626546699375501,rpart
small,other,72,2,2,36,92,other,ac448612-2717-4551-b5b1-042b71b7a2f5,2,iid_easy,regr.rpart,same_other_sizes_cv,0.795734121947756,rpart
large,other,36,3,1,36,93,other,ac448612-2717-4551-b5b1-042b71b7a2f5,2,iid_easy,regr.rpart,same_other_sizes_cv,0.305355060534322,rpart
large,other,36,3,2,36,94,other,ac448612-2717-4551-b5b1-042b71b7a2f5,2,iid_easy,regr.rpart,same_other_sizes_cv,0.305355060534322,rpart
small,other,72,3,1,72,95,other,ac448612-2717-4551-b5b1-042b71b7a2f5,2,iid_easy,regr.rpart,same_other_sizes_cv,0.335444415987047,rpart
small,other,72,3,1,36,96,other,ac448612-2717-4551-b5b1-042b71b7a2f5,2,iid_easy,regr.rpart,same_other_sizes_cv,0.358457248904636,rpart
small,other,72,3,2,72,97,other,ac448612-2717-4551-b5b1-042b71b7a2f5,2,iid_easy,regr.rpart,same_other_sizes_cv,0.335444415987047,rpart
small,other,72,3,2,36,98,other,ac448612-2717-4551-b5b1-042b71b7a2f5,2,iid_easy,regr.rpart,same_other_sizes_cv,0.651518977263714,rpart
large,other,36,4,1,36,99,other,ac448612-2717-4551-b5b1-042b71b7a2f5,2,iid_easy,regr.rpart,same_other_sizes_cv,0.46195873870636,rpart
large,other,36,4,2,36,100,other,ac448612-2717-4551-b5b1-042b71b7a2f5,2,iid_easy,regr.rpart,same_other_sizes_cv,0.46195873870636,rpart
small,other,72,4,1,72,101,other,ac448612-2717-4551-b5b1-042b71b7a2f5,2,iid_easy,regr.rpart,same_other_sizes_cv,0.492402688194395,rpart
small,other,72,4,1,36,102,other,ac448612-2717-4551-b5b1-042b71b7a2f5,2,iid_easy,regr.rpart,same_other_sizes_cv,0.836101218289805,rpart
small,other,72,4,2,72,103,other,ac448612-2717-4551-b5b1-042b71b7a2f5,2,iid_easy,regr.rpart,same_other_sizes_cv,0.492402688194395,rpart
small,other,72,4,2,36,104,other,ac448612-2717-4551-b5b1-042b71b7a2f5,2,iid_easy,regr.rpart,same_other_sizes_cv,0.889869816761203,rpart
large,other,36,5,1,36,105,other,ac448612-2717-4551-b5b1-042b71b7a2f5,2,iid_easy,regr.rpart,same_other_sizes_cv,0.633079456442617,rpart
large,other,36,5,2,36,106,other,ac448612-2717-4551-b5b1-042b71b7a2f5,2,iid_easy,regr.rpart,same_other_sizes_cv,0.633079456442617,rpart
small,other,72,5,1,72,107,other,ac448612-2717-4551-b5b1-042b71b7a2f5,2,iid_easy,regr.rpart,same_other_sizes_cv,0.449494247514625,rpart
small,other,72,5,1,36,108,other,ac448612-2717-4551-b5b1-042b71b7a2f5,2,iid_easy,regr.rpart,same_other_sizes_cv,0.564956891250076,rpart
small,other,72,5,2,72,109,other,ac448612-2717-4551-b5b1-042b71b7a2f5,2,iid_easy,regr.rpart,same_other_sizes_cv,0.449494247514625,rpart
small,other,72,5,2,36,110,other,ac448612-2717-4551-b5b1-042b71b7a2f5,2,iid_easy,regr.rpart,same_other_sizes_cv,0.592497392196005,rpart
large,other,36,6,1,36,111,other,ac448612-2717-4551-b5b1-042b71b7a2f5,2,iid_easy,regr.rpart,same_other_sizes_cv,0.443815813923958,rpart
large,other,36,6,2,36,112,other,ac448612-2717-4551-b5b1-042b71b7a2f5,2,iid_easy,regr.rpart,same_other_sizes_cv,0.443815813923958,rpart
small,other,72,6,1,72,113,other,ac448612-2717-4551-b5b1-042b71b7a2f5,2,iid_easy,regr.rpart,same_other_sizes_cv,0.698097412897888,rpart
small,other,72,6,1,36,114,other,ac448612-2717-4551-b5b1-042b71b7a2f5,2,iid_easy,regr.rpart,same_other_sizes_cv,0.869319884338816,rpart
small,other,72,6,2,72,115,other,ac448612-2717-4551-b5b1-042b71b7a2f5,2,iid_easy,regr.rpart,same_other_sizes_cv,0.698097412897888,rpart
small,other,72,6,2,36,116,other,ac448612-2717-4551-b5b1-042b71b7a2f5,2,iid_easy,regr.rpart,same_other_sizes_cv,0.857538178728954,rpart
large,other,36,7,1,36,117,other,ac448612-2717-4551-b5b1-042b71b7a2f5,2,iid_easy,regr.rpart,same_other_sizes_cv,0.519896205062301,rpart
large,other,36,7,2,36,118,other,ac448612-2717-4551-b5b1-042b71b7a2f5,2,iid_easy,regr.rpart,same_other_sizes_cv,0.519896205062301,rpart
small,other,72,7,1,72,119,other,ac448612-2717-4551-b5b1-042b71b7a2f5,2,iid_easy,regr.rpart,same_other_sizes_cv,0.120311662359621,rpart
small,other,72,7,1,36,120,other,ac448612-2717-4551-b5b1-042b71b7a2f5,2,iid_easy,regr.rpart,same_other_sizes_cv,0.738813990889344,rpart
small,other,72,7,2,72,121,other,ac448612-2717-4551-b5b1-042b71b7a2f5,2,iid_easy,regr.rpart,same_other_sizes_cv,0.120311662359621,rpart
small,other,72,7,2,36,122,other,ac448612-2717-4551-b5b1-042b71b7a2f5,2,iid_easy,regr.rpart,same_other_sizes_cv,0.548779837209333,rpart
large,other,36,8,1,36,123,other,ac448612-2717-4551-b5b1-042b71b7a2f5,2,iid_easy,regr.rpart,same_other_sizes_cv,0.597989030716999,rpart
large,other,36,8,2,36,124,other,ac448612-2717-4551-b5b1-042b71b7a2f5,2,iid_easy,regr.rpart,same_other_sizes_cv,0.597989030716999,rpart
small,other,72,8,1,72,125,other,ac448612-2717-4551-b5b1-042b71b7a2f5,2,iid_easy,regr.rpart,same_other_sizes_cv,0.353022961397097,rpart
small,other,72,8,1,36,126,other,ac448612-2717-4551-b5b1-042b71b7a2f5,2,iid_easy,regr.rpart,same_other_sizes_cv,0.611514633488197,rpart
small,other,72,8,2,72,127,other,ac448612-2717-4551-b5b1-042b71b7a2f5,2,iid_easy,regr.rpart,same_other_sizes_cv,0.353022961397097,rpart
small,other,72,8,2,36,128,other,ac448612-2717-4551-b5b1-042b71b7a2f5,2,iid_easy,regr.rpart,same_other_sizes_cv,0.603675378506014,rpart
large,other,36,9,1,36,129,other,ac448612-2717-4551-b5b1-042b71b7a2f5,2,iid_easy,regr.rpart,same_other_sizes_cv,0.533294682176724,rpart
large,other,36,9,2,36,130,other,ac448612-2717-4551-b5b1-042b71b7a2f5,2,iid_easy,regr.rpart,same_other_sizes_cv,0.533294682176724,rpart
small,other,72,9,1,72,131,other,ac448612-2717-4551-b5b1-042b71b7a2f5,2,iid_easy,regr.rpart,same_other_sizes_cv,0.706671222101765,rpart
small,other,72,9,1,36,132,other,ac448612-2717-4551-b5b1-042b71b7a2f5,2,iid_easy,regr.rpart,same_other_sizes_cv,0.307670462355316,rpart
small,other,72,9,2,72,133,other,ac448612-2717-4551-b5b1-042b71b7a2f5,2,iid_easy,regr.rpart,same_other_sizes_cv,0.706671222101765,rpart
small,other,72,9,2,36,134,other,ac448612-2717-4551-b5b1-042b71b7a2f5,2,iid_easy,regr.rpart,same_other_sizes_cv,0.251743589468963,rpart
large,other,36,10,1,36,135,other,ac448612-2717-4551-b5b1-042b71b7a2f5,2,iid_easy,regr.rpart,same_other_sizes_cv,0.585018829567591,rpart
large,other,36,10,2,36,136,other,ac448612-2717-4551-b5b1-042b71b7a2f5,2,iid_easy,regr.rpart,same_other_sizes_cv,0.585018829567591,rpart
small,other,72,10,1,72,137,other,ac448612-2717-4551-b5b1-042b71b7a2f5,2,iid_easy,regr.rpart,same_other_sizes_cv,0.351699195469608,rpart
small,other,72,10,1,36,138,other,ac448612-2717-4551-b5b1-042b71b7a2f5,2,iid_easy,regr.rpart,same_other_sizes_cv,0.788657794073649,rpart
small,other,72,10,2,72,139,other,ac448612-2717-4551-b5b1-042b71b7a2f5,2,iid_easy,regr.rpart,same_other_sizes_cv,0.351699195469608,rpart
small,other,72,10,2,36,140,other,ac448612-2717-4551-b5b1-042b71b7a2f5,2,iid_easy,regr.rpart,same_other_sizes_cv,0.84954461860491,rpart
large,same,72,1,1,72,141,same,ac448612-2717-4551-b5b1-042b71b7a2f5,2,iid_easy,regr.rpart,same_other_sizes_cv,0.387640987414122,rpart
large,same,72,1,1,36,142,same,ac448612-2717-4551-b5b1-042b71b7a2f5,2,iid_easy,regr.rpart,same_other_sizes_cv,0.348888775042644,rpart
large,same,72,1,2,72,143,same,ac448612-2717-4551-b5b1-042b71b7a2f5,2,iid_easy,regr.rpart,same_other_sizes_cv,0.387640987414122,rpart
large,same,72,1,2,36,144,same,ac448612-2717-4551-b5b1-042b71b7a2f5,2,iid_easy,regr.rpart,same_other_sizes_cv,0.383571198397108,rpart
small,same,36,1,1,36,145,same,ac448612-2717-4551-b5b1-042b71b7a2f5,2,iid_easy,regr.rpart,same_other_sizes_cv,0.821838154283038,rpart
small,same,36,1,2,36,146,same,ac448612-2717-4551-b5b1-042b71b7a2f5,2,iid_easy,regr.rpart,same_other_sizes_cv,0.821838154283038,rpart
large,same,72,2,1,72,147,same,ac448612-2717-4551-b5b1-042b71b7a2f5,2,iid_easy,regr.rpart,same_other_sizes_cv,0.525164143418525,rpart
large,same,72,2,1,36,148,same,ac448612-2717-4551-b5b1-042b71b7a2f5,2,iid_easy,regr.rpart,same_other_sizes_cv,0.610617616543696,rpart
large,same,72,2,2,72,149,same,ac448612-2717-4551-b5b1-042b71b7a2f5,2,iid_easy,regr.rpart,same_other_sizes_cv,0.525164143418525,rpart
large,same,72,2,2,36,150,same,ac448612-2717-4551-b5b1-042b71b7a2f5,2,iid_easy,regr.rpart,same_other_sizes_cv,0.853856528616599,rpart
small,same,36,2,1,36,151,same,ac448612-2717-4551-b5b1-042b71b7a2f5,2,iid_easy,regr.rpart,same_other_sizes_cv,0.85389270907079,rpart
small,same,36,2,2,36,152,same,ac448612-2717-4551-b5b1-042b71b7a2f5,2,iid_easy,regr.rpart,same_other_sizes_cv,0.85389270907079,rpart
large,same,72,3,1,72,153,same,ac448612-2717-4551-b5b1-042b71b7a2f5,2,iid_easy,regr.rpart,same_other_sizes_cv,0.158955849153082,rpart
large,same,72,3,1,36,154,same,ac448612-2717-4551-b5b1-042b71b7a2f5,2,iid_easy,regr.rpart,same_other_sizes_cv,0.557193043446894,rpart
large,same,72,3,2,72,155,same,ac448612-2717-4551-b5b1-042b71b7a2f5,2,iid_easy,regr.rpart,same_other_sizes_cv,0.158955849153082,rpart
large,same,72,3,2,36,156,same,ac448612-2717-4551-b5b1-042b71b7a2f5,2,iid_easy,regr.rpart,same_other_sizes_cv,0.178987112243198,rpart
small,same,36,3,1,36,157,same,ac448612-2717-4551-b5b1-042b71b7a2f5,2,iid_easy,regr.rpart,same_other_sizes_cv,0.799410795177599,rpart
small,same,36,3,2,36,158,same,ac448612-2717-4551-b5b1-042b71b7a2f5,2,iid_easy,regr.rpart,same_other_sizes_cv,0.799410795177599,rpart
large,same,72,4,1,72,159,same,ac448612-2717-4551-b5b1-042b71b7a2f5,2,iid_easy,regr.rpart,same_other_sizes_cv,0.407283735103309,rpart
large,same,72,4,1,36,160,same,ac448612-2717-4551-b5b1-042b71b7a2f5,2,iid_easy,regr.rpart,same_other_sizes_cv,0.449490336627975,rpart
large,same,72,4,2,72,161,same,ac448612-2717-4551-b5b1-042b71b7a2f5,2,iid_easy,regr.rpart,same_other_sizes_cv,0.407283735103309,rpart
large,same,72,4,2,36,162,same,ac448612-2717-4551-b5b1-042b71b7a2f5,2,iid_easy,regr.rpart,same_other_sizes_cv,0.578345577640862,rpart
small,same,36,4,1,36,163,same,ac448612-2717-4551-b5b1-042b71b7a2f5,2,iid_easy,regr.rpart,same_other_sizes_cv,0.798240846807914,rpart
small,same,36,4,2,36,164,same,ac448612-2717-4551-b5b1-042b71b7a2f5,2,iid_easy,regr.rpart,same_other_sizes_cv,0.798240846807914,rpart
large,same,72,5,1,72,165,same,ac448612-2717-4551-b5b1-042b71b7a2f5,2,iid_easy,regr.rpart,same_other_sizes_cv,0.559526931382503,rpart
large,same,72,5,1,36,166,same,ac448612-2717-4551-b5b1-042b71b7a2f5,2,iid_easy,regr.rpart,same_other_sizes_cv,0.605926740763684,rpart
large,same,72,5,2,72,167,same,ac448612-2717-4551-b5b1-042b71b7a2f5,2,iid_easy,regr.rpart,same_other_sizes_cv,0.559526931382503,rpart
large,same,72,5,2,36,168,same,ac448612-2717-4551-b5b1-042b71b7a2f5,2,iid_easy,regr.rpart,same_other_sizes_cv,0.722459274539452,rpart
small,same,36,5,1,36,169,same,ac448612-2717-4551-b5b1-042b71b7a2f5,2,iid_easy,regr.rpart,same_other_sizes_cv,0.576581323908488,rpart
small,same,36,5,2,36,170,same,ac448612-2717-4551-b5b1-042b71b7a2f5,2,iid_easy,regr.rpart,same_other_sizes_cv,0.576581323908488,rpart
large,same,72,6,1,72,171,same,ac448612-2717-4551-b5b1-042b71b7a2f5,2,iid_easy,regr.rpart,same_other_sizes_cv,0.317186883663685,rpart
large,same,72,6,1,36,172,same,ac448612-2717-4551-b5b1-042b71b7a2f5,2,iid_easy,regr.rpart,same_other_sizes_cv,0.409074604889659,rpart
large,same,72,6,2,72,173,same,ac448612-2717-4551-b5b1-042b71b7a2f5,2,iid_easy,regr.rpart,same_other_sizes_cv,0.317186883663685,rpart
large,same,72,6,2,36,174,same,ac448612-2717-4551-b5b1-042b71b7a2f5,2,iid_easy,regr.rpart,same_other_sizes_cv,0.436476090489766,rpart
small,same,36,6,1,36,175,same,ac448612-2717-4551-b5b1-042b71b7a2f5,2,iid_easy,regr.rpart,same_other_sizes_cv,0.903936152083252,rpart
small,same,36,6,2,36,176,same,ac448612-2717-4551-b5b1-042b71b7a2f5,2,iid_easy,regr.rpart,same_other_sizes_cv,0.903936152083252,rpart
large,same,72,7,1,72,177,same,ac448612-2717-4551-b5b1-042b71b7a2f5,2,iid_easy,regr.rpart,same_other_sizes_cv,0.389970564192249,rpart
large,same,72,7,1,36,178,same,ac448612-2717-4551-b5b1-042b71b7a2f5,2,iid_easy,regr.rpart,same_other_sizes_cv,0.55456235537857,rpart
large,same,72,7,2,72,179,same,ac448612-2717-4551-b5b1-042b71b7a2f5,2,iid_easy,regr.rpart,same_other_sizes_cv,0.389970564192249,rpart
large,same,72,7,2,36,180,same,ac448612-2717-4551-b5b1-042b71b7a2f5,2,iid_easy,regr.rpart,same_other_sizes_cv,0.601438745725934,rpart
small,same,36,7,1,36,181,same,ac448612-2717-4551-b5b1-042b71b7a2f5,2,iid_easy,regr.rpart,same_other_sizes_cv,0.598599725122699,rpart
small,same,36,7,2,36,182,same,ac448612-2717-4551-b5b1-042b71b7a2f5,2,iid_easy,regr.rpart,same_other_sizes_cv,0.598599725122699,rpart
large,same,72,8,1,72,183,same,ac448612-2717-4551-b5b1-042b71b7a2f5,2,iid_easy,regr.rpart,same_other_sizes_cv,0.426869515895063,rpart
large,same,72,8,1,36,184,same,ac448612-2717-4551-b5b1-042b71b7a2f5,2,iid_easy,regr.rpart,same_other_sizes_cv,0.668153004967352,rpart
large,same,72,8,2,72,185,same,ac448612-2717-4551-b5b1-042b71b7a2f5,2,iid_easy,regr.rpart,same_other_sizes_cv,0.426869515895063,rpart
large,same,72,8,2,36,186,same,ac448612-2717-4551-b5b1-042b71b7a2f5,2,iid_easy,regr.rpart,same_other_sizes_cv,0.591041558494133,rpart
small,same,36,8,1,36,187,same,ac448612-2717-4551-b5b1-042b71b7a2f5,2,iid_easy,regr.rpart,same_other_sizes_cv,0.540677713578516,rpart
small,same,36,8,2,36,188,same,ac448612-2717-4551-b5b1-042b71b7a2f5,2,iid_easy,regr.rpart,same_other_sizes_cv,0.540677713578516,rpart
large,same,72,9,1,72,189,same,ac448612-2717-4551-b5b1-042b71b7a2f5,2,iid_easy,regr.rpart,same_other_sizes_cv,0.596379403826094,rpart
large,same,72,9,1,36,190,same,ac448612-2717-4551-b5b1-042b71b7a2f5,2,iid_easy,regr.rpart,same_other_sizes_cv,0.721446919465983,rpart
large,same,72,9,2,72,191,same,ac448612-2717-4551-b5b1-042b71b7a2f5,2,iid_easy,regr.rpart,same_other_sizes_cv,0.596379403826094,rpart
large,same,72,9,2,36,192,same,ac448612-2717-4551-b5b1-042b71b7a2f5,2,iid_easy,regr.rpart,same_other_sizes_cv,0.675966299367762,rpart
small,same,36,9,1,36,193,same,ac448612-2717-4551-b5b1-042b71b7a2f5,2,iid_easy,regr.rpart,same_other_sizes_cv,0.914829108551804,rpart
small,same,36,9,2,36,194,same,ac448612-2717-4551-b5b1-042b71b7a2f5,2,iid_easy,regr.rpart,same_other_sizes_cv,0.914829108551804,rpart
large,same,72,10,1,72,195,same,ac448612-2717-4551-b5b1-042b71b7a2f5,2,iid_easy,regr.rpart,same_other_sizes_cv,0.24224997520065,rpart
large,same,72,10,1,36,196,same,ac448612-2717-4551-b5b1-042b71b7a2f5,2,iid_easy,regr.rpart,same_other_sizes_cv,0.514827418298821,rpart
large,same,72,10,2,72,197,same,ac448612-2717-4551-b5b1-042b71b7a2f5,2,iid_easy,regr.rpart,same_other_sizes_cv,0.24224997520065,rpart
large,same,72,10,2,36,198,same,ac448612-2717-4551-b5b1-042b71b7a2f5,2,iid_easy,regr.rpart,same_other_sizes_cv,0.36545195995127,rpart
small,same,36,10,1,36,199,same,ac448612-2717-4551-b5b1-042b71b7a2f5,2,iid_easy,regr.rpart,same_other_sizes_cv,0.904917599837143,rpart
small,same,36,10,2,36,200,same,ac448612-2717-4551-b5b1-042b71b7a2f5,2,iid_easy,regr.rpart,same_other_sizes_cv,0.904917599837143,rpart
